metric,q25,q75,iqr,fallback
cjv,0.3612714274175529,0.5980231320845961,0.2367517046670432,false
cnr,1.7838447478280264,3.6066624505450564,1.82281770271703,false
efc,0.5037995320266206,0.6260829933466585,0.12228346132003787,false
fber,187.51025009155273,9022.234817867227,8834.724567775675,false
fwhm_avg,3.468561274436081,4.218926878663311,0.7503656042272295,false
fwhm_x,3.4476674999999997,4.1725525,0.7248850000000004,false
fwhm_y,3.58449,4.35565,0.7711599999999996,false
fwhm_z,3.30546,4.142071234569569,0.8366112345695687,false
icvs_csf,0.1847374345147419,0.2585783460014339,0.07384091148669203,false
icvs_gm,0.38196321326124383,0.4453473149957229,0.06338410173447906,false
icvs_wm,0.34748063117820555,0.3821337700926718,0.03465313891446625,false
inu_med,0.5743820667266846,1.1894494891166687,0.6150674223899841,false
inu_range,0.1928655840456485,0.4532406300306319,0.2603750459849834,false
qi_1,0,0.000011704464729197726,0.000011704464729197726,false
qi_2,0.0008269087345433995,0.005456498393597998,0.004629589659054598,false
rpve_csf,9.92569444150023,30.10153289345324,20.17583845195301,false
rpve_gm,8.51686268256579,14.017430719214781,5.500568036648991,false
rpve_wm,9.242562805954147,19.579555276507634,10.336992470553486,false
snr_csf,1.8664069149636473,2.9135569224486986,1.0471500074850513,false
snr_gm,6.9620123749943,11.713466618396813,4.751454243402513,false
snr_total,6.860468699412061,11.720982773239587,4.8605140738275265,false
snr_wm,10.883581436045453,20.919892700930344,10.03631126488489,false
snrd_csf,13.025461571187542,40.37462707925389,27.34916550806635,false
snrd_gm,29.640470759832255,83.76920237501281,54.128731615180556,false
snrd_total,28.577021233288185,80.07276025065735,51.49573901736917,false
snrd_wm,42.066155644419844,116.7708640872012,74.70470844278137,false
summary_bg_k,6.736944766672492,125.73553586528483,118.99859109861234,false
summary_bg_mad,0,11.21595048904419,11.21595048904419,false
summary_bg_mean,4.267891772079468,18.700021743774414,14.432129971694946,false
summary_bg_median,0,13.034972190856934,13.034972190856934,false
summary_bg_p05,0,1.9500155925750735,1.9500155925750735,false
summary_bg_p95,16.199984689243138,50.64159304201601,34.441608352772874,false
summary_bg_stdv,6.873073697090149,20.31428623199463,13.44121253490448,false
summary_csf_k,-0.1784581177346133,6.0812108802245195,6.259668997959133,false
summary_csf_mad,96.43165134437996,148.35800002075374,51.92634867637378,false
summary_csf_mean,295.00759368081486,418.0768764526367,123.06928277182186,false
summary_csf_median,279.5585635341704,401,121.44143646582961,false
summary_csf_p05,91,209.16633275076745,118.16633275076745,false
summary_csf_p95,498.9010684386361,688,189.09893156136388,false
summary_csf_stdv,112.07600593566895,187.976925,75.90091906433105,false
summary_gm_k,-0.06268231669577284,0.33448991901128833,0.39717223570706117,false
summary_gm_mad,59.30471134185791,81.11223759103743,21.807526249179517,false
summary_gm_mean,664.600896484375,751.228021257218,86.62712477284299,false
summary_gm_median,664,750.3808295950294,86.38082959502935,false
summary_gm_p05,510.69677886962893,638.0403480529785,127.34356918334959,false
summary_gm_p95,797.6385299682617,912.7086181640622,115.07008819580051,false
summary_gm_stdv,61.10054302215576,100.39335,39.292806977844236,false
summary_wm_k,0.09068309444171707,0.8629199982409581,0.772236903799241,false
summary_wm_mad,44.15508270263672,74.1214,29.966317297363275,false
summary_wm_mean,959.619975,1001.7685217602702,42.14854676027028,false
summary_wm_median,973,1000.0253295898438,27.02532958984375,false
summary_wm_p05,811,921.0172477722168,110.01724777221682,false
summary_wm_p95,1060,1105.9494101786986,45.9494101786986,false
summary_wm_stdv,47.79481745869032,89.48192619178062,41.6871087330903,false
tpm_overlap_csf,0.1568730698781875,0.22140918317080532,0.06453611329261782,false
tpm_overlap_gm,0.45739902758272455,0.5187325328588486,0.06133350527612402,false
tpm_overlap_wm,0.4936329231921902,0.5504284799098969,0.05679555671770664,false
wm2max,0.4152885480907421,0.6498219879910897,0.23453343990034758,false
summary_bg_n,2200545,4250965.25,2050420.25,false
summary_csf_n,16229,325723.4813077909,309494.4813077909,false
summary_gm_n,20105.75,437274.9787906235,417169.2287906235,false
summary_wm_n,168829,485863.5278182562,317034.5278182562,false
