metric,q25,q75,iqr
aor,0.0008968885250694858,0.004935996314496315,0.00403910778942683
aqi,0.005631584583333332,0.016547448331655876,0.010915863748322544
dvars_nstd,25.57586029337077,46.25693695288131,20.68107665951054
dvars_std,1.0522018480841127,1.1945159178277236,0.14231406974361094
dvars_vstd,0.9843147345812174,1.0253743881723931,0.04105965359117569
efc,0.45433068676763233,0.5337063149146729,0.07937562814704058
fber,762.6664428710938,8950.72216796875,8188.055725097656
fd_mean,0.10548896620555957,0.2588067917561432,0.1533178255505836
fwhm_avg,2.3581799598890316,2.9717596239952124,0.6135796641061808
fwhm_x,2.267401038961039,2.802485,0.535083961038961
fwhm_y,2.548266344370178,3.173465,0.6251986556298221
fwhm_z,2.149236458333333,2.9609102892695645,0.8116738309362312
gcor,0.0087000675,0.03191155,0.0232114825
gsr_x,-0.01604297012090683,-0.0005701383197447285,0.015472831801162101
gsr_y,0.018272455781698227,0.050983183085918427,0.0327107273042202
snr,2.5004764397397206,4.750538006563914,2.250061566824193
tsnr,28.58519505750155,56.84989929199219,28.264704234490637
summary_bg_k,27.2686,65.4546771839316,38.186077183931594
summary_bg_mean,29.08211595602135,288.1058654785156,259.02374952249426
summary_bg_median,10.171709060668945,79.60099220275879,69.42928314208984
summary_bg_mad,5.396985054016113,56.46709217509256,51.07010712107645
summary_bg_p05,1.408000111579895,27.04828119277954,25.640281081199646
summary_bg_p95,101.77121047973627,1175.006210327148,1073.2349998474117
summary_bg_stdv,49.347218891906735,515.706152028759,466.3589331368523
summary_fg_k,0.8658989335883128,2.670851714669012,1.804952781080699
summary_fg_mean,604.3624081301906,4911.330161523438,4306.967753393247
summary_fg_median,582.9722747802734,4823.456298828125,4240.484024047852
summary_fg_mad,129.2897405234199,1246.3963430664062,1117.1066025429864
summary_fg_p05,309.2692756652832,2590.5250915527345,2281.2558158874513
summary_fg_p95,896.3073257446288,7479.956677246093,6583.6493515014645
summary_fg_stdv,154.128075,1498.2264178710936,1344.0983428710936
