raw,canonical
siemens,Siemens
simiens,Siemens
siemans,Siemens
simens,Siemens
ge,GE
ge_medical_systems,GE
g.e.,GE
general electric,GE
general electrics,GE
ge 3 tesla mr750,GE
philips,Philips
phillips,Philips
philips achieva,Philips
philips achieva intera 3 t scanner,Philips
philips ingenia 3.0t,Philips
canon,Canon
toshiba,Toshiba
bruker,Bruker
bruker biospin,Bruker
bruker biospin mri,Bruker
uih,United Imaging
united imaging,United Imaging
shanghai united imaging,United Imaging
hitachi,Hitachi
fujifilm,Fujifilm
mediso,Mediso
agilent,Agilent
hyperfine,Hyperfine
synthesized,Synthesized
medics,Medics
scanner,(none)
n/a,(none)
na,(none)
nan,(none)
null,(none)
none,(none)
unknown,(none)
unspecified,(none)
not specified,(none)
missing,(none)
-,(none)
?,(none)
