modality,table,column,source_name,duck_type,json_path,nullable
bold,raw_bold,id,_id,VARCHAR,"$.""_id""",true
bold,raw_bold,dvars_vstd,dvars_vstd,DOUBLE,"$.""dvars_vstd""",true
bold,raw_bold,summary_fg_median,summary_fg_median,DOUBLE,"$.""summary_fg_median""",true
bold,raw_bold,dummy_trs,dummy_trs,BIGINT,"$.""dummy_trs""",true
bold,raw_bold,created_at,_created,TIMESTAMP,"$.""_created""",true
bold,raw_bold,summary_bg_k,summary_bg_k,DOUBLE,"$.""summary_bg_k""",true
bold,raw_bold,summary_bg_p95,summary_bg_p95,DOUBLE,"$.""summary_bg_p95""",true
bold,raw_bold,dvars_nstd,dvars_nstd,DOUBLE,"$.""dvars_nstd""",true
bold,raw_bold,efc,efc,DOUBLE,"$.""efc""",true
bold,raw_bold,spacing_z,spacing_z,DOUBLE,"$.""spacing_z""",true
bold,raw_bold,gsr_y,gsr_y,DOUBLE,"$.""gsr_y""",true
bold,raw_bold,fd_mean,fd_mean,DOUBLE,"$.""fd_mean""",true
bold,raw_bold,task_id,bids_meta.task_id,VARCHAR,"$.""bids_meta"".""task_id""",true
bold,raw_bold,task_name,bids_meta.TaskName,VARCHAR,"$.""bids_meta"".""TaskName""",true
bold,raw_bold,echo_time,bids_meta.EchoTime,DOUBLE,"$.""bids_meta"".""EchoTime""",true
bold,raw_bold,magnetic_field_strength,bids_meta.MagneticFieldStrength,DOUBLE,"$.""bids_meta"".""MagneticFieldStrength""",true
bold,raw_bold,manufacturers_model_name,bids_meta.ManufacturersModelName,VARCHAR,"$.""bids_meta"".""ManufacturersModelName""",true
bold,raw_bold,modality,bids_meta.modality,VARCHAR,"$.""bids_meta"".""modality""",true
bold,raw_bold,repetition_time,bids_meta.RepetitionTime,DOUBLE,"$.""bids_meta"".""RepetitionTime""",true
bold,raw_bold,subject_id,bids_meta.subject_id,VARCHAR,"$.""bids_meta"".""subject_id""",true
bold,raw_bold,flip_angle,bids_meta.FlipAngle,DOUBLE,"$.""bids_meta"".""FlipAngle""",true
bold,raw_bold,run_id,bids_meta.run_id,VARCHAR,"$.""bids_meta"".""run_id""",true
bold,raw_bold,session_id,bids_meta.session_id,VARCHAR,"$.""bids_meta"".""session_id""",true
bold,raw_bold,effective_echo_spacing,bids_meta.EffectiveEchoSpacing,DOUBLE,"$.""bids_meta"".""EffectiveEchoSpacing""",true
bold,raw_bold,phase_encoding_direction,bids_meta.PhaseEncodingDirection,VARCHAR,"$.""bids_meta"".""PhaseEncodingDirection""",true
bold,raw_bold,manufacturer,bids_meta.Manufacturer,VARCHAR,"$.""bids_meta"".""Manufacturer""",true
bold,raw_bold,manufacturer_raw,bids_meta.Manufacturer,VARCHAR,"$.""bids_meta"".""Manufacturer""",true
bold,raw_bold,sequence_variant,bids_meta.SequenceVariant,VARCHAR,"$.""bids_meta"".""SequenceVariant""",true
bold,raw_bold,inversion_time,bids_meta.InversionTime,DOUBLE,"$.""bids_meta"".""InversionTime""",true
bold,raw_bold,scanning_sequence,bids_meta.ScanningSequence,VARCHAR,"$.""bids_meta"".""ScanningSequence""",true
bold,raw_bold,number_of_averages,bids_meta.NumberOfAverages,DOUBLE,"$.""bids_meta"".""NumberOfAverages""",true
bold,raw_bold,pixel_bandwidth,bids_meta.PixelBandwidth,DOUBLE,"$.""bids_meta"".""PixelBandwidth""",true
bold,raw_bold,mr_acquisition_type,bids_meta.MRAcquisitionType,VARCHAR,"$.""bids_meta"".""MRAcquisitionType""",true
bold,raw_bold,sequence_name,bids_meta.SequenceName,VARCHAR,"$.""bids_meta"".""SequenceName""",true
bold,raw_bold,imaging_frequency,bids_meta.ImagingFrequency,DOUBLE,"$.""bids_meta"".""ImagingFrequency""",true
bold,raw_bold,image_type,bids_meta.ImageType,VARCHAR,"$.""bids_meta"".""ImageType""",true
bold,raw_bold,cog_atlas_id,bids_meta.CogAtlasID,VARCHAR,"$.""bids_meta"".""CogAtlasID""",true
bold,raw_bold,percent_phase_field_of_view,bids_meta.PercentPhaseFieldOfView,DOUBLE,"$.""bids_meta"".""PercentPhaseFieldOfView""",true
bold,raw_bold,number_of_phase_encoding_steps,bids_meta.NumberOfPhaseEncodingSteps,DOUBLE,"$.""bids_meta"".""NumberOfPhaseEncodingSteps""",true
bold,raw_bold,scan_options,bids_meta.ScanOptions,VARCHAR,"$.""bids_meta"".""ScanOptions""",true
bold,raw_bold,task_description,bids_meta.TaskDescription,VARCHAR,"$.""bids_meta"".""TaskDescription""",true
bold,raw_bold,echo_train_length,bids_meta.EchoTrainLength,DOUBLE,"$.""bids_meta"".""EchoTrainLength""",true
bold,raw_bold,pulse_sequence_type,bids_meta.PulseSequenceType,VARCHAR,"$.""bids_meta"".""PulseSequenceType""",true
bold,raw_bold,conversion_software_version,bids_meta.ConversionSoftwareVersion,VARCHAR,"$.""bids_meta"".""ConversionSoftwareVersion""",true
bold,raw_bold,instructions,bids_meta.Instructions,VARCHAR,"$.""bids_meta"".""Instructions""",true
bold,raw_bold,hardcopy_device_software_version,bids_meta.HardcopyDeviceSoftwareVersion,VARCHAR,"$.""bids_meta"".""HardcopyDeviceSoftwareVersion""",true
bold,raw_bold,conversion_software,bids_meta.ConversionSoftware,VARCHAR,"$.""bids_meta"".""ConversionSoftware""",true
bold,raw_bold,parallel_reduction_factor_in_plane,bids_meta.ParallelReductionFactorInPlane,DOUBLE,"$.""bids_meta"".""ParallelReductionFactorInPlane""",true
bold,raw_bold,parallel_acquisition_technique,bids_meta.ParallelAcquisitionTechnique,VARCHAR,"$.""bids_meta"".""ParallelAcquisitionTechnique""",true
bold,raw_bold,institution_name,bids_meta.InstitutionName,VARCHAR,"$.""bids_meta"".""InstitutionName""",true
bold,raw_bold,number_of_volumes_discarded_by_scanner,bids_meta.NumberOfVolumesDiscardedByScanner,DOUBLE,"$.""bids_meta"".""NumberOfVolumesDiscardedByScanner""",true
bold,raw_bold,institution_address,bids_meta.InstitutionAddress,VARCHAR,"$.""bids_meta"".""InstitutionAddress""",true
bold,raw_bold,slice_encoding_direction,bids_meta.SliceEncodingDirection,VARCHAR,"$.""bids_meta"".""SliceEncodingDirection""",true
bold,raw_bold,acq_id,bids_meta.acq_id,VARCHAR,"$.""bids_meta"".""acq_id""",true
bold,raw_bold,receive_coil_name,bids_meta.ReceiveCoilName,VARCHAR,"$.""bids_meta"".""ReceiveCoilName""",true
bold,raw_bold,cog_poid,bids_meta.CogPOID,VARCHAR,"$.""bids_meta"".""CogPOID""",true
bold,raw_bold,in_plane_phase_encoding_direction,bids_meta.InPlanePhaseEncodingDirection,VARCHAR,"$.""bids_meta"".""InPlanePhaseEncodingDirection""",true
bold,raw_bold,protocol_name,bids_meta.ProtocolName,VARCHAR,"$.""bids_meta"".""ProtocolName""",true
bold,raw_bold,total_readout_time,bids_meta.TotalReadoutTime,DOUBLE,"$.""bids_meta"".""TotalReadoutTime""",true
bold,raw_bold,multiband_acceleration_factor,bids_meta.MultibandAccelerationFactor,DOUBLE,"$.""bids_meta"".""MultibandAccelerationFactor""",true
bold,raw_bold,pulse_sequence_details,bids_meta.PulseSequenceDetails,VARCHAR,"$.""bids_meta"".""PulseSequenceDetails""",true
bold,raw_bold,software_versions,bids_meta.SoftwareVersions,VARCHAR,"$.""bids_meta"".""SoftwareVersions""",true
bold,raw_bold,device_serial_number,bids_meta.DeviceSerialNumber,VARCHAR,"$.""bids_meta"".""DeviceSerialNumber""",true
bold,raw_bold,partial_fourier,bids_meta.PartialFourier,BOOLEAN,"$.""bids_meta"".""PartialFourier""",true
bold,raw_bold,patient_position,bids_meta.PatientPosition,VARCHAR,"$.""bids_meta"".""PatientPosition""",true
bold,raw_bold,delay_time,bids_meta.DelayTime,DOUBLE,"$.""bids_meta"".""DelayTime""",true
bold,raw_bold,acquisition_matrix,bids_meta.AcquisitionMatrix,VARCHAR,"$.""bids_meta"".""AcquisitionMatrix""",true
bold,raw_bold,total_scan_time_sec,bids_meta.TotalScanTimeSec,DOUBLE,"$.""bids_meta"".""TotalScanTimeSec""",true
bold,raw_bold,transmit_coil_name,bids_meta.TransmitCoilName,VARCHAR,"$.""bids_meta"".""TransmitCoilName""",true
bold,raw_bold,accel_num_reference_lines,bids_meta.AccelNumReferenceLines,DOUBLE,"$.""bids_meta"".""AccelNumReferenceLines""",true
bold,raw_bold,acceleration_factor_pe,bids_meta.AccelerationFactorPE,DOUBLE,"$.""bids_meta"".""AccelerationFactorPE""",true
bold,raw_bold,percent_sampling,bids_meta.PercentSampling,DOUBLE,"$.""bids_meta"".""PercentSampling""",true
bold,raw_bold,variable_flip_angle_flag,bids_meta.VariableFlipAngleFlag,VARCHAR,"$.""bids_meta"".""VariableFlipAngleFlag""",true
bold,raw_bold,number_shots,bids_meta.NumberShots,DOUBLE,"$.""bids_meta"".""NumberShots""",true
bold,raw_bold,number_of_volumes_discarded_by_user,bids_meta.NumberOfVolumesDiscardedByUser,DOUBLE,"$.""bids_meta"".""NumberOfVolumesDiscardedByUser""",true
bold,raw_bold,coil_combination_method,bids_meta.CoilCombinationMethod,VARCHAR,"$.""bids_meta"".""CoilCombinationMethod""",true
bold,raw_bold,matrix_coil_mode,bids_meta.MatrixCoilMode,VARCHAR,"$.""bids_meta"".""MatrixCoilMode""",true
bold,raw_bold,gradient_set_type,bids_meta.GradientSetType,VARCHAR,"$.""bids_meta"".""GradientSetType""",true
bold,raw_bold,partial_fourier_direction,bids_meta.PartialFourierDirection,VARCHAR,"$.""bids_meta"".""PartialFourierDirection""",true
bold,raw_bold,size_x,size_x,BIGINT,"$.""size_x""",true
bold,raw_bold,summary_bg_n,summary_bg_n,BIGINT,"$.""summary_bg_n""",true
bold,raw_bold,spacing_tr,spacing_tr,DOUBLE,"$.""spacing_tr""",true
bold,raw_bold,summary_bg_median,summary_bg_median,DOUBLE,"$.""summary_bg_median""",true
bold,raw_bold,fwhm_y,fwhm_y,DOUBLE,"$.""fwhm_y""",true
bold,raw_bold,summary_fg_stdv,summary_fg_stdv,DOUBLE,"$.""summary_fg_stdv""",true
bold,raw_bold,summary_fg_mad,summary_fg_mad,DOUBLE,"$.""summary_fg_mad""",true
bold,raw_bold,summary_fg_p05,summary_fg_p05,DOUBLE,"$.""summary_fg_p05""",true
bold,raw_bold,gcor,gcor,DOUBLE,"$.""gcor""",true
bold,raw_bold,spacing_x,spacing_x,DOUBLE,"$.""spacing_x""",true
bold,raw_bold,etag,_etag,VARCHAR,"$.""_etag""",true
bold,raw_bold,fwhm_x,fwhm_x,DOUBLE,"$.""fwhm_x""",true
bold,raw_bold,aor,aor,DOUBLE,"$.""aor""",true
bold,raw_bold,provenance_md5sum,provenance.md5sum,VARCHAR,"$.""provenance"".""md5sum""",true
bold,raw_bold,provenance_settings_hmc_fsl,provenance.settings.hmc_fsl,BOOLEAN,"$.""provenance"".""settings"".""hmc_fsl""",true
bold,raw_bold,provenance_settings_fd_thres,provenance.settings.fd_thres,DOUBLE,"$.""provenance"".""settings"".""fd_thres""",true
bold,raw_bold,provenance_settings_testing,provenance.settings.testing,BOOLEAN,"$.""provenance"".""settings"".""testing""",true
bold,raw_bold,provenance_software,provenance.software,VARCHAR,"$.""provenance"".""software""",true
bold,raw_bold,provenance_version,provenance.version,VARCHAR,"$.""provenance"".""version""",true
bold,raw_bold,provenance_email,provenance.email,VARCHAR,"$.""provenance"".""email""",true
bold,raw_bold,spacing_y,spacing_y,DOUBLE,"$.""spacing_y""",true
bold,raw_bold,summary_fg_n,summary_fg_n,BIGINT,"$.""summary_fg_n""",true
bold,raw_bold,summary_bg_mad,summary_bg_mad,DOUBLE,"$.""summary_bg_mad""",true
bold,raw_bold,summary_fg_p95,summary_fg_p95,DOUBLE,"$.""summary_fg_p95""",true
bold,raw_bold,fber,fber,DOUBLE,"$.""fber""",true
bold,raw_bold,fd_num,fd_num,BIGINT,"$.""fd_num""",true
bold,raw_bold,size_z,size_z,BIGINT,"$.""size_z""",true
bold,raw_bold,snr,snr,DOUBLE,"$.""snr""",true
bold,raw_bold,size_y,size_y,BIGINT,"$.""size_y""",true
bold,raw_bold,summary_fg_k,summary_fg_k,DOUBLE,"$.""summary_fg_k""",true
bold,raw_bold,summary_bg_stdv,summary_bg_stdv,DOUBLE,"$.""summary_bg_stdv""",true
bold,raw_bold,fd_perc,fd_perc,DOUBLE,"$.""fd_perc""",true
bold,raw_bold,fwhm_avg,fwhm_avg,DOUBLE,"$.""fwhm_avg""",true
bold,raw_bold,dvars_std,dvars_std,DOUBLE,"$.""dvars_std""",true
bold,raw_bold,tsnr,tsnr,DOUBLE,"$.""tsnr""",true
bold,raw_bold,aqi,aqi,DOUBLE,"$.""aqi""",true
bold,raw_bold,gsr_x,gsr_x,DOUBLE,"$.""gsr_x""",true
bold,raw_bold,summary_bg_mean,summary_bg_mean,DOUBLE,"$.""summary_bg_mean""",true
bold,raw_bold,fwhm_z,fwhm_z,DOUBLE,"$.""fwhm_z""",true
bold,raw_bold,summary_fg_mean,summary_fg_mean,DOUBLE,"$.""summary_fg_mean""",true
bold,raw_bold,summary_bg_p05,summary_bg_p05,DOUBLE,"$.""summary_bg_p05""",true
bold,raw_bold,updated_at,_updated,TIMESTAMP,"$.""_updated""",true
bold,raw_bold,size_t,size_t,BIGINT,"$.""size_t""",true
bold,canon_bold_k4plus,id,_id,VARCHAR,"$.""_id""",true
bold,canon_bold_k4plus,dvars_vstd,dvars_vstd,DOUBLE,"$.""dvars_vstd""",true
bold,canon_bold_k4plus,summary_fg_median,summary_fg_median,DOUBLE,"$.""summary_fg_median""",true
bold,canon_bold_k4plus,dummy_trs,dummy_trs,BIGINT,"$.""dummy_trs""",true
bold,canon_bold_k4plus,created_at,_created,TIMESTAMP,"$.""_created""",true
bold,canon_bold_k4plus,summary_bg_k,summary_bg_k,DOUBLE,"$.""summary_bg_k""",true
bold,canon_bold_k4plus,summary_bg_p95,summary_bg_p95,DOUBLE,"$.""summary_bg_p95""",true
bold,canon_bold_k4plus,dvars_nstd,dvars_nstd,DOUBLE,"$.""dvars_nstd""",true
bold,canon_bold_k4plus,efc,efc,DOUBLE,"$.""efc""",true
bold,canon_bold_k4plus,spacing_z,spacing_z,DOUBLE,"$.""spacing_z""",true
bold,canon_bold_k4plus,gsr_y,gsr_y,DOUBLE,"$.""gsr_y""",true
bold,canon_bold_k4plus,fd_mean,fd_mean,DOUBLE,"$.""fd_mean""",true
bold,canon_bold_k4plus,task_id,bids_meta.task_id,VARCHAR,"$.""bids_meta"".""task_id""",true
bold,canon_bold_k4plus,task_name,bids_meta.TaskName,VARCHAR,"$.""bids_meta"".""TaskName""",true
bold,canon_bold_k4plus,echo_time,bids_meta.EchoTime,DOUBLE,"$.""bids_meta"".""EchoTime""",true
bold,canon_bold_k4plus,magnetic_field_strength,bids_meta.MagneticFieldStrength,DOUBLE,"$.""bids_meta"".""MagneticFieldStrength""",true
bold,canon_bold_k4plus,manufacturers_model_name,bids_meta.ManufacturersModelName,VARCHAR,"$.""bids_meta"".""ManufacturersModelName""",true
bold,canon_bold_k4plus,modality,bids_meta.modality,VARCHAR,"$.""bids_meta"".""modality""",true
bold,canon_bold_k4plus,repetition_time,bids_meta.RepetitionTime,DOUBLE,"$.""bids_meta"".""RepetitionTime""",true
bold,canon_bold_k4plus,subject_id,bids_meta.subject_id,VARCHAR,"$.""bids_meta"".""subject_id""",true
bold,canon_bold_k4plus,flip_angle,bids_meta.FlipAngle,DOUBLE,"$.""bids_meta"".""FlipAngle""",true
bold,canon_bold_k4plus,run_id,bids_meta.run_id,VARCHAR,"$.""bids_meta"".""run_id""",true
bold,canon_bold_k4plus,session_id,bids_meta.session_id,VARCHAR,"$.""bids_meta"".""session_id""",true
bold,canon_bold_k4plus,effective_echo_spacing,bids_meta.EffectiveEchoSpacing,DOUBLE,"$.""bids_meta"".""EffectiveEchoSpacing""",true
bold,canon_bold_k4plus,phase_encoding_direction,bids_meta.PhaseEncodingDirection,VARCHAR,"$.""bids_meta"".""PhaseEncodingDirection""",true
bold,canon_bold_k4plus,manufacturer,bids_meta.Manufacturer,VARCHAR,"$.""bids_meta"".""Manufacturer""",true
bold,canon_bold_k4plus,manufacturer_raw,bids_meta.Manufacturer,VARCHAR,"$.""bids_meta"".""Manufacturer""",true
bold,canon_bold_k4plus,sequence_variant,bids_meta.SequenceVariant,VARCHAR,"$.""bids_meta"".""SequenceVariant""",true
bold,canon_bold_k4plus,inversion_time,bids_meta.InversionTime,DOUBLE,"$.""bids_meta"".""InversionTime""",true
bold,canon_bold_k4plus,scanning_sequence,bids_meta.ScanningSequence,VARCHAR,"$.""bids_meta"".""ScanningSequence""",true
bold,canon_bold_k4plus,number_of_averages,bids_meta.NumberOfAverages,DOUBLE,"$.""bids_meta"".""NumberOfAverages""",true
bold,canon_bold_k4plus,pixel_bandwidth,bids_meta.PixelBandwidth,DOUBLE,"$.""bids_meta"".""PixelBandwidth""",true
bold,canon_bold_k4plus,mr_acquisition_type,bids_meta.MRAcquisitionType,VARCHAR,"$.""bids_meta"".""MRAcquisitionType""",true
bold,canon_bold_k4plus,sequence_name,bids_meta.SequenceName,VARCHAR,"$.""bids_meta"".""SequenceName""",true
bold,canon_bold_k4plus,imaging_frequency,bids_meta.ImagingFrequency,DOUBLE,"$.""bids_meta"".""ImagingFrequency""",true
bold,canon_bold_k4plus,image_type,bids_meta.ImageType,VARCHAR,"$.""bids_meta"".""ImageType""",true
bold,canon_bold_k4plus,cog_atlas_id,bids_meta.CogAtlasID,VARCHAR,"$.""bids_meta"".""CogAtlasID""",true
bold,canon_bold_k4plus,percent_phase_field_of_view,bids_meta.PercentPhaseFieldOfView,DOUBLE,"$.""bids_meta"".""PercentPhaseFieldOfView""",true
bold,canon_bold_k4plus,number_of_phase_encoding_steps,bids_meta.NumberOfPhaseEncodingSteps,DOUBLE,"$.""bids_meta"".""NumberOfPhaseEncodingSteps""",true
bold,canon_bold_k4plus,scan_options,bids_meta.ScanOptions,VARCHAR,"$.""bids_meta"".""ScanOptions""",true
bold,canon_bold_k4plus,task_description,bids_meta.TaskDescription,VARCHAR,"$.""bids_meta"".""TaskDescription""",true
bold,canon_bold_k4plus,echo_train_length,bids_meta.EchoTrainLength,DOUBLE,"$.""bids_meta"".""EchoTrainLength""",true
bold,canon_bold_k4plus,pulse_sequence_type,bids_meta.PulseSequenceType,VARCHAR,"$.""bids_meta"".""PulseSequenceType""",true
bold,canon_bold_k4plus,conversion_software_version,bids_meta.ConversionSoftwareVersion,VARCHAR,"$.""bids_meta"".""ConversionSoftwareVersion""",true
bold,canon_bold_k4plus,instructions,bids_meta.Instructions,VARCHAR,"$.""bids_meta"".""Instructions""",true
bold,canon_bold_k4plus,hardcopy_device_software_version,bids_meta.HardcopyDeviceSoftwareVersion,VARCHAR,"$.""bids_meta"".""HardcopyDeviceSoftwareVersion""",true
bold,canon_bold_k4plus,conversion_software,bids_meta.ConversionSoftware,VARCHAR,"$.""bids_meta"".""ConversionSoftware""",true
bold,canon_bold_k4plus,parallel_reduction_factor_in_plane,bids_meta.ParallelReductionFactorInPlane,DOUBLE,"$.""bids_meta"".""ParallelReductionFactorInPlane""",true
bold,canon_bold_k4plus,parallel_acquisition_technique,bids_meta.ParallelAcquisitionTechnique,VARCHAR,"$.""bids_meta"".""ParallelAcquisitionTechnique""",true
bold,canon_bold_k4plus,institution_name,bids_meta.InstitutionName,VARCHAR,"$.""bids_meta"".""InstitutionName""",true
bold,canon_bold_k4plus,number_of_volumes_discarded_by_scanner,bids_meta.NumberOfVolumesDiscardedByScanner,DOUBLE,"$.""bids_meta"".""NumberOfVolumesDiscardedByScanner""",true
bold,canon_bold_k4plus,institution_address,bids_meta.InstitutionAddress,VARCHAR,"$.""bids_meta"".""InstitutionAddress""",true
bold,canon_bold_k4plus,slice_encoding_direction,bids_meta.SliceEncodingDirection,VARCHAR,"$.""bids_meta"".""SliceEncodingDirection""",true
bold,canon_bold_k4plus,acq_id,bids_meta.acq_id,VARCHAR,"$.""bids_meta"".""acq_id""",true
bold,canon_bold_k4plus,receive_coil_name,bids_meta.ReceiveCoilName,VARCHAR,"$.""bids_meta"".""ReceiveCoilName""",true
bold,canon_bold_k4plus,cog_poid,bids_meta.CogPOID,VARCHAR,"$.""bids_meta"".""CogPOID""",true
bold,canon_bold_k4plus,in_plane_phase_encoding_direction,bids_meta.InPlanePhaseEncodingDirection,VARCHAR,"$.""bids_meta"".""InPlanePhaseEncodingDirection""",true
bold,canon_bold_k4plus,protocol_name,bids_meta.ProtocolName,VARCHAR,"$.""bids_meta"".""ProtocolName""",true
bold,canon_bold_k4plus,total_readout_time,bids_meta.TotalReadoutTime,DOUBLE,"$.""bids_meta"".""TotalReadoutTime""",true
bold,canon_bold_k4plus,multiband_acceleration_factor,bids_meta.MultibandAccelerationFactor,DOUBLE,"$.""bids_meta"".""MultibandAccelerationFactor""",true
bold,canon_bold_k4plus,pulse_sequence_details,bids_meta.PulseSequenceDetails,VARCHAR,"$.""bids_meta"".""PulseSequenceDetails""",true
bold,canon_bold_k4plus,software_versions,bids_meta.SoftwareVersions,VARCHAR,"$.""bids_meta"".""SoftwareVersions""",true
bold,canon_bold_k4plus,device_serial_number,bids_meta.DeviceSerialNumber,VARCHAR,"$.""bids_meta"".""DeviceSerialNumber""",true
bold,canon_bold_k4plus,partial_fourier,bids_meta.PartialFourier,BOOLEAN,"$.""bids_meta"".""PartialFourier""",true
bold,canon_bold_k4plus,patient_position,bids_meta.PatientPosition,VARCHAR,"$.""bids_meta"".""PatientPosition""",true
bold,canon_bold_k4plus,delay_time,bids_meta.DelayTime,DOUBLE,"$.""bids_meta"".""DelayTime""",true
bold,canon_bold_k4plus,acquisition_matrix,bids_meta.AcquisitionMatrix,VARCHAR,"$.""bids_meta"".""AcquisitionMatrix""",true
bold,canon_bold_k4plus,total_scan_time_sec,bids_meta.TotalScanTimeSec,DOUBLE,"$.""bids_meta"".""TotalScanTimeSec""",true
bold,canon_bold_k4plus,transmit_coil_name,bids_meta.TransmitCoilName,VARCHAR,"$.""bids_meta"".""TransmitCoilName""",true
bold,canon_bold_k4plus,accel_num_reference_lines,bids_meta.AccelNumReferenceLines,DOUBLE,"$.""bids_meta"".""AccelNumReferenceLines""",true
bold,canon_bold_k4plus,acceleration_factor_pe,bids_meta.AccelerationFactorPE,DOUBLE,"$.""bids_meta"".""AccelerationFactorPE""",true
bold,canon_bold_k4plus,percent_sampling,bids_meta.PercentSampling,DOUBLE,"$.""bids_meta"".""PercentSampling""",true
bold,canon_bold_k4plus,variable_flip_angle_flag,bids_meta.VariableFlipAngleFlag,VARCHAR,"$.""bids_meta"".""VariableFlipAngleFlag""",true
bold,canon_bold_k4plus,number_shots,bids_meta.NumberShots,DOUBLE,"$.""bids_meta"".""NumberShots""",true
bold,canon_bold_k4plus,number_of_volumes_discarded_by_user,bids_meta.NumberOfVolumesDiscardedByUser,DOUBLE,"$.""bids_meta"".""NumberOfVolumesDiscardedByUser""",true
bold,canon_bold_k4plus,coil_combination_method,bids_meta.CoilCombinationMethod,VARCHAR,"$.""bids_meta"".""CoilCombinationMethod""",true
bold,canon_bold_k4plus,matrix_coil_mode,bids_meta.MatrixCoilMode,VARCHAR,"$.""bids_meta"".""MatrixCoilMode""",true
bold,canon_bold_k4plus,gradient_set_type,bids_meta.GradientSetType,VARCHAR,"$.""bids_meta"".""GradientSetType""",true
bold,canon_bold_k4plus,partial_fourier_direction,bids_meta.PartialFourierDirection,VARCHAR,"$.""bids_meta"".""PartialFourierDirection""",true
bold,canon_bold_k4plus,size_x,size_x,BIGINT,"$.""size_x""",true
bold,canon_bold_k4plus,summary_bg_n,summary_bg_n,BIGINT,"$.""summary_bg_n""",true
bold,canon_bold_k4plus,spacing_tr,spacing_tr,DOUBLE,"$.""spacing_tr""",true
bold,canon_bold_k4plus,summary_bg_median,summary_bg_median,DOUBLE,"$.""summary_bg_median""",true
bold,canon_bold_k4plus,fwhm_y,fwhm_y,DOUBLE,"$.""fwhm_y""",true
bold,canon_bold_k4plus,summary_fg_stdv,summary_fg_stdv,DOUBLE,"$.""summary_fg_stdv""",true
bold,canon_bold_k4plus,summary_fg_mad,summary_fg_mad,DOUBLE,"$.""summary_fg_mad""",true
bold,canon_bold_k4plus,summary_fg_p05,summary_fg_p05,DOUBLE,"$.""summary_fg_p05""",true
bold,canon_bold_k4plus,gcor,gcor,DOUBLE,"$.""gcor""",true
bold,canon_bold_k4plus,spacing_x,spacing_x,DOUBLE,"$.""spacing_x""",true
bold,canon_bold_k4plus,etag,_etag,VARCHAR,"$.""_etag""",true
bold,canon_bold_k4plus,fwhm_x,fwhm_x,DOUBLE,"$.""fwhm_x""",true
bold,canon_bold_k4plus,aor,aor,DOUBLE,"$.""aor""",true
bold,canon_bold_k4plus,provenance_md5sum,provenance.md5sum,VARCHAR,"$.""provenance"".""md5sum""",true
bold,canon_bold_k4plus,provenance_settings_hmc_fsl,provenance.settings.hmc_fsl,BOOLEAN,"$.""provenance"".""settings"".""hmc_fsl""",true
bold,canon_bold_k4plus,provenance_settings_fd_thres,provenance.settings.fd_thres,DOUBLE,"$.""provenance"".""settings"".""fd_thres""",true
bold,canon_bold_k4plus,provenance_settings_testing,provenance.settings.testing,BOOLEAN,"$.""provenance"".""settings"".""testing""",true
bold,canon_bold_k4plus,provenance_software,provenance.software,VARCHAR,"$.""provenance"".""software""",true
bold,canon_bold_k4plus,provenance_version,provenance.version,VARCHAR,"$.""provenance"".""version""",true
bold,canon_bold_k4plus,provenance_email,provenance.email,VARCHAR,"$.""provenance"".""email""",true
bold,canon_bold_k4plus,spacing_y,spacing_y,DOUBLE,"$.""spacing_y""",true
bold,canon_bold_k4plus,summary_fg_n,summary_fg_n,BIGINT,"$.""summary_fg_n""",true
bold,canon_bold_k4plus,summary_bg_mad,summary_bg_mad,DOUBLE,"$.""summary_bg_mad""",true
bold,canon_bold_k4plus,summary_fg_p95,summary_fg_p95,DOUBLE,"$.""summary_fg_p95""",true
bold,canon_bold_k4plus,fber,fber,DOUBLE,"$.""fber""",true
bold,canon_bold_k4plus,fd_num,fd_num,BIGINT,"$.""fd_num""",true
bold,canon_bold_k4plus,size_z,size_z,BIGINT,"$.""size_z""",true
bold,canon_bold_k4plus,snr,snr,DOUBLE,"$.""snr""",true
bold,canon_bold_k4plus,size_y,size_y,BIGINT,"$.""size_y""",true
bold,canon_bold_k4plus,summary_fg_k,summary_fg_k,DOUBLE,"$.""summary_fg_k""",true
bold,canon_bold_k4plus,summary_bg_stdv,summary_bg_stdv,DOUBLE,"$.""summary_bg_stdv""",true
bold,canon_bold_k4plus,fd_perc,fd_perc,DOUBLE,"$.""fd_perc""",true
bold,canon_bold_k4plus,fwhm_avg,fwhm_avg,DOUBLE,"$.""fwhm_avg""",true
bold,canon_bold_k4plus,dvars_std,dvars_std,DOUBLE,"$.""dvars_std""",true
bold,canon_bold_k4plus,tsnr,tsnr,DOUBLE,"$.""tsnr""",true
bold,canon_bold_k4plus,aqi,aqi,DOUBLE,"$.""aqi""",true
bold,canon_bold_k4plus,gsr_x,gsr_x,DOUBLE,"$.""gsr_x""",true
bold,canon_bold_k4plus,summary_bg_mean,summary_bg_mean,DOUBLE,"$.""summary_bg_mean""",true
bold,canon_bold_k4plus,fwhm_z,fwhm_z,DOUBLE,"$.""fwhm_z""",true
bold,canon_bold_k4plus,summary_fg_mean,summary_fg_mean,DOUBLE,"$.""summary_fg_mean""",true
bold,canon_bold_k4plus,summary_bg_p05,summary_bg_p05,DOUBLE,"$.""summary_bg_p05""",true
bold,canon_bold_k4plus,updated_at,_updated,TIMESTAMP,"$.""_updated""",true
bold,canon_bold_k4plus,size_t,size_t,BIGINT,"$.""size_t""",true
bold,canon_bold_k4plus,canonical_policy,canonical_policy,VARCHAR,"$.""canonical_policy""",true
bold,canon_bold_k4plus,canonical_group_rows,canonical_group_rows,BIGINT,"$.""canonical_group_rows""",true
bold,canon_bold_k4plus,canonical_distinct_vectors,canonical_distinct_vectors,BIGINT,"$.""canonical_distinct_vectors""",true
bold,canon_bold_k4plus,canonical_diameter,canonical_diameter,DOUBLE,"$.""canonical_diameter""",true
bold,canon_bold_k4plus,canonical_hmc_mode,canonical_hmc_mode,VARCHAR,"$.""canonical_hmc_mode""",true
bold,canon_bold_k4plus,canonical_selection,canonical_selection,VARCHAR,"$.""canonical_selection""",true
T1w,raw_t1w,id,_id,VARCHAR,"$.""_id""",true
T1w,raw_t1w,icvs_wm,icvs_wm,DOUBLE,"$.""icvs_wm""",true
T1w,raw_t1w,summary_csf_n,summary_csf_n,DOUBLE,"$.""summary_csf_n""",true
T1w,raw_t1w,snr_total,snr_total,DOUBLE,"$.""snr_total""",true
T1w,raw_t1w,summary_wm_median,summary_wm_median,DOUBLE,"$.""summary_wm_median""",true
T1w,raw_t1w,accel_num_reference_lines,bids_meta.AccelNumReferenceLines,DOUBLE,"$.""bids_meta"".""AccelNumReferenceLines""",true
T1w,raw_t1w,acceleration_factor_pe,bids_meta.AccelerationFactorPE,DOUBLE,"$.""bids_meta"".""AccelerationFactorPE""",true
T1w,raw_t1w,acquisition_matrix,bids_meta.AcquisitionMatrix,VARCHAR,"$.""bids_meta"".""AcquisitionMatrix""",true
T1w,raw_t1w,acquisition_matrix_pe,bids_meta.AcquisitionMatrixPE,DOUBLE,"$.""bids_meta"".""AcquisitionMatrixPE""",true
T1w,raw_t1w,acquisition_number,bids_meta.AcquisitionNumber,DOUBLE,"$.""bids_meta"".""AcquisitionNumber""",true
T1w,raw_t1w,acquisition_time,bids_meta.AcquisitionTime,VARCHAR,"$.""bids_meta"".""AcquisitionTime""",true
T1w,raw_t1w,base_resolution,bids_meta.BaseResolution,DOUBLE,"$.""bids_meta"".""BaseResolution""",true
T1w,raw_t1w,body_part_examined,bids_meta.BodyPartExamined,VARCHAR,"$.""bids_meta"".""BodyPartExamined""",true
T1w,raw_t1w,cog_atlas_id,bids_meta.CogAtlasID,VARCHAR,"$.""bids_meta"".""CogAtlasID""",true
T1w,raw_t1w,cog_poid,bids_meta.CogPOID,VARCHAR,"$.""bids_meta"".""CogPOID""",true
T1w,raw_t1w,coil_combination_method,bids_meta.CoilCombinationMethod,VARCHAR,"$.""bids_meta"".""CoilCombinationMethod""",true
T1w,raw_t1w,consistency_info,bids_meta.ConsistencyInfo,VARCHAR,"$.""bids_meta"".""ConsistencyInfo""",true
T1w,raw_t1w,contrast_bolus_ingredient,bids_meta.ContrastBolusIngredient,VARCHAR,"$.""bids_meta"".""ContrastBolusIngredient""",true
T1w,raw_t1w,conversion_software,bids_meta.ConversionSoftware,VARCHAR,"$.""bids_meta"".""ConversionSoftware""",true
T1w,raw_t1w,conversion_software_version,bids_meta.ConversionSoftwareVersion,VARCHAR,"$.""bids_meta"".""ConversionSoftwareVersion""",true
T1w,raw_t1w,device_serial_number,bids_meta.DeviceSerialNumber,VARCHAR,"$.""bids_meta"".""DeviceSerialNumber""",true
T1w,raw_t1w,dwell_time,bids_meta.DwellTime,DOUBLE,"$.""bids_meta"".""DwellTime""",true
T1w,raw_t1w,echo_time,bids_meta.EchoTime,DOUBLE,"$.""bids_meta"".""EchoTime""",true
T1w,raw_t1w,echo_train_length,bids_meta.EchoTrainLength,DOUBLE,"$.""bids_meta"".""EchoTrainLength""",true
T1w,raw_t1w,effective_echo_spacing,bids_meta.EffectiveEchoSpacing,DOUBLE,"$.""bids_meta"".""EffectiveEchoSpacing""",true
T1w,raw_t1w,flip_angle,bids_meta.FlipAngle,DOUBLE,"$.""bids_meta"".""FlipAngle""",true
T1w,raw_t1w,gradient_set_type,bids_meta.GradientSetType,VARCHAR,"$.""bids_meta"".""GradientSetType""",true
T1w,raw_t1w,hardcopy_device_software_version,bids_meta.HardcopyDeviceSoftwareVersion,VARCHAR,"$.""bids_meta"".""HardcopyDeviceSoftwareVersion""",true
T1w,raw_t1w,image_orientation_patient_dicom,bids_meta.ImageOrientationPatientDICOM,VARCHAR,"$.""bids_meta"".""ImageOrientationPatientDICOM""",true
T1w,raw_t1w,imaging_frequency,bids_meta.ImagingFrequency,DOUBLE,"$.""bids_meta"".""ImagingFrequency""",true
T1w,raw_t1w,in_plane_phase_encoding_direction,bids_meta.InPlanePhaseEncodingDirection,VARCHAR,"$.""bids_meta"".""InPlanePhaseEncodingDirection""",true
T1w,raw_t1w,in_plane_phase_encoding_direction_dicom,bids_meta.InPlanePhaseEncodingDirectionDICOM,VARCHAR,"$.""bids_meta"".""InPlanePhaseEncodingDirectionDICOM""",true
T1w,raw_t1w,institution_address,bids_meta.InstitutionAddress,VARCHAR,"$.""bids_meta"".""InstitutionAddress""",true
T1w,raw_t1w,institution_name,bids_meta.InstitutionName,VARCHAR,"$.""bids_meta"".""InstitutionName""",true
T1w,raw_t1w,institutional_department_name,bids_meta.InstitutionalDepartmentName,VARCHAR,"$.""bids_meta"".""InstitutionalDepartmentName""",true
T1w,raw_t1w,inversion_time,bids_meta.InversionTime,DOUBLE,"$.""bids_meta"".""InversionTime""",true
T1w,raw_t1w,mr_acquisition_type,bids_meta.MRAcquisitionType,VARCHAR,"$.""bids_meta"".""MRAcquisitionType""",true
T1w,raw_t1w,mr_transmit_coil_sequence,bids_meta.MRTransmitCoilSequence,VARCHAR,"$.""bids_meta"".""MRTransmitCoilSequence""",true
T1w,raw_t1w,magnetic_field_strength,bids_meta.MagneticFieldStrength,DOUBLE,"$.""bids_meta"".""MagneticFieldStrength""",true
T1w,raw_t1w,manufacturer,bids_meta.Manufacturer,VARCHAR,"$.""bids_meta"".""Manufacturer""",true
T1w,raw_t1w,manufacturer_raw,bids_meta.Manufacturer,VARCHAR,"$.""bids_meta"".""Manufacturer""",true
T1w,raw_t1w,manufacturers_model_name,bids_meta.ManufacturersModelName,VARCHAR,"$.""bids_meta"".""ManufacturersModelName""",true
T1w,raw_t1w,matrix_coil_mode,bids_meta.MatrixCoilMode,VARCHAR,"$.""bids_meta"".""MatrixCoilMode""",true
T1w,raw_t1w,multiband_acceleration_factor,bids_meta.MultibandAccelerationFactor,DOUBLE,"$.""bids_meta"".""MultibandAccelerationFactor""",true
T1w,raw_t1w,number_of_averages,bids_meta.NumberOfAverages,DOUBLE,"$.""bids_meta"".""NumberOfAverages""",true
T1w,raw_t1w,number_of_phase_encoding_steps,bids_meta.NumberOfPhaseEncodingSteps,DOUBLE,"$.""bids_meta"".""NumberOfPhaseEncodingSteps""",true
T1w,raw_t1w,number_of_volumes_discarded_by_scanner,bids_meta.NumberOfVolumesDiscardedByScanner,DOUBLE,"$.""bids_meta"".""NumberOfVolumesDiscardedByScanner""",true
T1w,raw_t1w,number_of_volumes_discarded_by_user,bids_meta.NumberOfVolumesDiscardedByUser,DOUBLE,"$.""bids_meta"".""NumberOfVolumesDiscardedByUser""",true
T1w,raw_t1w,number_shots,bids_meta.NumberShots,DOUBLE,"$.""bids_meta"".""NumberShots""",true
T1w,raw_t1w,parallel_acquisition_technique,bids_meta.ParallelAcquisitionTechnique,VARCHAR,"$.""bids_meta"".""ParallelAcquisitionTechnique""",true
T1w,raw_t1w,parallel_reduction_factor_in_plane,bids_meta.ParallelReductionFactorInPlane,DOUBLE,"$.""bids_meta"".""ParallelReductionFactorInPlane""",true
T1w,raw_t1w,partial_fourier,bids_meta.PartialFourier,BOOLEAN,"$.""bids_meta"".""PartialFourier""",true
T1w,raw_t1w,partial_fourier_direction,bids_meta.PartialFourierDirection,VARCHAR,"$.""bids_meta"".""PartialFourierDirection""",true
T1w,raw_t1w,patient_position,bids_meta.PatientPosition,VARCHAR,"$.""bids_meta"".""PatientPosition""",true
T1w,raw_t1w,percent_phase_fov,bids_meta.PercentPhaseFOV,DOUBLE,"$.""bids_meta"".""PercentPhaseFOV""",true
T1w,raw_t1w,percent_phase_field_of_view,bids_meta.PercentPhaseFieldOfView,DOUBLE,"$.""bids_meta"".""PercentPhaseFieldOfView""",true
T1w,raw_t1w,percent_sampling,bids_meta.PercentSampling,DOUBLE,"$.""bids_meta"".""PercentSampling""",true
T1w,raw_t1w,phase_encoding_direction,bids_meta.PhaseEncodingDirection,VARCHAR,"$.""bids_meta"".""PhaseEncodingDirection""",true
T1w,raw_t1w,phase_encoding_steps,bids_meta.PhaseEncodingSteps,DOUBLE,"$.""bids_meta"".""PhaseEncodingSteps""",true
T1w,raw_t1w,phase_resolution,bids_meta.PhaseResolution,DOUBLE,"$.""bids_meta"".""PhaseResolution""",true
T1w,raw_t1w,pixel_bandwidth,bids_meta.PixelBandwidth,DOUBLE,"$.""bids_meta"".""PixelBandwidth""",true
T1w,raw_t1w,procedure_step_description,bids_meta.ProcedureStepDescription,VARCHAR,"$.""bids_meta"".""ProcedureStepDescription""",true
T1w,raw_t1w,protocol_name,bids_meta.ProtocolName,VARCHAR,"$.""bids_meta"".""ProtocolName""",true
T1w,raw_t1w,pulse_sequence_details,bids_meta.PulseSequenceDetails,VARCHAR,"$.""bids_meta"".""PulseSequenceDetails""",true
T1w,raw_t1w,pulse_sequence_type,bids_meta.PulseSequenceType,VARCHAR,"$.""bids_meta"".""PulseSequenceType""",true
T1w,raw_t1w,receive_coil_active_elements,bids_meta.ReceiveCoilActiveElements,VARCHAR,"$.""bids_meta"".""ReceiveCoilActiveElements""",true
T1w,raw_t1w,receive_coil_name,bids_meta.ReceiveCoilName,VARCHAR,"$.""bids_meta"".""ReceiveCoilName""",true
T1w,raw_t1w,recon_matrix_pe,bids_meta.ReconMatrixPE,DOUBLE,"$.""bids_meta"".""ReconMatrixPE""",true
T1w,raw_t1w,repetition_time,bids_meta.RepetitionTime,DOUBLE,"$.""bids_meta"".""RepetitionTime""",true
T1w,raw_t1w,sar,bids_meta.SAR,DOUBLE,"$.""bids_meta"".""SAR""",true
T1w,raw_t1w,scan_options,bids_meta.ScanOptions,VARCHAR,"$.""bids_meta"".""ScanOptions""",true
T1w,raw_t1w,scanning_sequence,bids_meta.ScanningSequence,VARCHAR,"$.""bids_meta"".""ScanningSequence""",true
T1w,raw_t1w,sequence_name,bids_meta.SequenceName,VARCHAR,"$.""bids_meta"".""SequenceName""",true
T1w,raw_t1w,sequence_variant,bids_meta.SequenceVariant,VARCHAR,"$.""bids_meta"".""SequenceVariant""",true
T1w,raw_t1w,series_description,bids_meta.SeriesDescription,VARCHAR,"$.""bids_meta"".""SeriesDescription""",true
T1w,raw_t1w,series_number,bids_meta.SeriesNumber,DOUBLE,"$.""bids_meta"".""SeriesNumber""",true
T1w,raw_t1w,shim_setting,bids_meta.ShimSetting,VARCHAR,"$.""bids_meta"".""ShimSetting""",true
T1w,raw_t1w,slice_encoding_direction,bids_meta.SliceEncodingDirection,VARCHAR,"$.""bids_meta"".""SliceEncodingDirection""",true
T1w,raw_t1w,slice_thickness,bids_meta.SliceThickness,DOUBLE,"$.""bids_meta"".""SliceThickness""",true
T1w,raw_t1w,software_versions,bids_meta.SoftwareVersions,VARCHAR,"$.""bids_meta"".""SoftwareVersions""",true
T1w,raw_t1w,station_name,bids_meta.StationName,VARCHAR,"$.""bids_meta"".""StationName""",true
T1w,raw_t1w,task_name,bids_meta.TaskName,VARCHAR,"$.""bids_meta"".""TaskName""",true
T1w,raw_t1w,total_readout_time,bids_meta.TotalReadoutTime,DOUBLE,"$.""bids_meta"".""TotalReadoutTime""",true
T1w,raw_t1w,total_scan_time_sec,bids_meta.TotalScanTimeSec,DOUBLE,"$.""bids_meta"".""TotalScanTimeSec""",true
T1w,raw_t1w,transmit_coil_name,bids_meta.TransmitCoilName,VARCHAR,"$.""bids_meta"".""TransmitCoilName""",true
T1w,raw_t1w,tx_ref_amp,bids_meta.TxRefAmp,DOUBLE,"$.""bids_meta"".""TxRefAmp""",true
T1w,raw_t1w,variable_flip_angle_flag,bids_meta.VariableFlipAngleFlag,VARCHAR,"$.""bids_meta"".""VariableFlipAngleFlag""",true
T1w,raw_t1w,acq_id,bids_meta.acq_id,VARCHAR,"$.""bids_meta"".""acq_id""",true
T1w,raw_t1w,dataset,bids_meta.dataset,VARCHAR,"$.""bids_meta"".""dataset""",true
T1w,raw_t1w,modality,bids_meta.modality,VARCHAR,"$.""bids_meta"".""modality""",true
T1w,raw_t1w,rec_id,bids_meta.rec_id,VARCHAR,"$.""bids_meta"".""rec_id""",true
T1w,raw_t1w,run_id,bids_meta.run_id,VARCHAR,"$.""bids_meta"".""run_id""",true
T1w,raw_t1w,session_id,bids_meta.session_id,VARCHAR,"$.""bids_meta"".""session_id""",true
T1w,raw_t1w,subject_id,bids_meta.subject_id,VARCHAR,"$.""bids_meta"".""subject_id""",true
T1w,raw_t1w,task_id,bids_meta.task_id,VARCHAR,"$.""bids_meta"".""task_id""",true
T1w,raw_t1w,cnr,cnr,DOUBLE,"$.""cnr""",true
T1w,raw_t1w,summary_wm_stdv,summary_wm_stdv,DOUBLE,"$.""summary_wm_stdv""",true
T1w,raw_t1w,created_at,_created,TIMESTAMP,"$.""_created""",true
T1w,raw_t1w,summary_bg_p95,summary_bg_p95,DOUBLE,"$.""summary_bg_p95""",true
T1w,raw_t1w,summary_gm_k,summary_gm_k,DOUBLE,"$.""summary_gm_k""",true
T1w,raw_t1w,fwhm_avg,fwhm_avg,DOUBLE,"$.""fwhm_avg""",true
T1w,raw_t1w,summary_csf_mean,summary_csf_mean,DOUBLE,"$.""summary_csf_mean""",true
T1w,raw_t1w,snrd_wm,snrd_wm,DOUBLE,"$.""snrd_wm""",true
T1w,raw_t1w,rpve_wm,rpve_wm,DOUBLE,"$.""rpve_wm""",true
T1w,raw_t1w,summary_bg_stdv,summary_bg_stdv,DOUBLE,"$.""summary_bg_stdv""",true
T1w,raw_t1w,inu_med,inu_med,DOUBLE,"$.""inu_med""",true
T1w,raw_t1w,snr_wm,snr_wm,DOUBLE,"$.""snr_wm""",true
T1w,raw_t1w,summary_csf_median,summary_csf_median,DOUBLE,"$.""summary_csf_median""",true
T1w,raw_t1w,summary_csf_mad,summary_csf_mad,DOUBLE,"$.""summary_csf_mad""",true
T1w,raw_t1w,summary_bg_mean,summary_bg_mean,DOUBLE,"$.""summary_bg_mean""",true
T1w,raw_t1w,icvs_gm,icvs_gm,DOUBLE,"$.""icvs_gm""",true
T1w,raw_t1w,provenance_email,provenance.email,VARCHAR,"$.""provenance"".""email""",true
T1w,raw_t1w,provenance_md5sum,provenance.md5sum,VARCHAR,"$.""provenance"".""md5sum""",true
T1w,raw_t1w,provenance_settings_testing,provenance.settings.testing,BOOLEAN,"$.""provenance"".""settings"".""testing""",true
T1w,raw_t1w,provenance_software,provenance.software,VARCHAR,"$.""provenance"".""software""",true
T1w,raw_t1w,provenance_version,provenance.version,VARCHAR,"$.""provenance"".""version""",true
T1w,raw_t1w,provenance_warnings_large_rot_frame,provenance.warnings.large_rot_frame,BOOLEAN,"$.""provenance"".""warnings"".""large_rot_frame""",true
T1w,raw_t1w,provenance_warnings_small_air_mask,provenance.warnings.small_air_mask,BOOLEAN,"$.""provenance"".""warnings"".""small_air_mask""",true
T1w,raw_t1w,provenance_webapi_port,provenance.webapi_port,VARCHAR,"$.""provenance"".""webapi_port""",true
T1w,raw_t1w,provenance_webapi_url,provenance.webapi_url,VARCHAR,"$.""provenance"".""webapi_url""",true
T1w,raw_t1w,snr_gm,snr_gm,DOUBLE,"$.""snr_gm""",true
T1w,raw_t1w,summary_gm_n,summary_gm_n,DOUBLE,"$.""summary_gm_n""",true
T1w,raw_t1w,summary_bg_p05,summary_bg_p05,DOUBLE,"$.""summary_bg_p05""",true
T1w,raw_t1w,summary_csf_stdv,summary_csf_stdv,DOUBLE,"$.""summary_csf_stdv""",true
T1w,raw_t1w,rpve_csf,rpve_csf,DOUBLE,"$.""rpve_csf""",true
T1w,raw_t1w,summary_gm_stdv,summary_gm_stdv,DOUBLE,"$.""summary_gm_stdv""",true
T1w,raw_t1w,spacing_y,spacing_y,DOUBLE,"$.""spacing_y""",true
T1w,raw_t1w,updated_at,_updated,TIMESTAMP,"$.""_updated""",true
T1w,raw_t1w,summary_gm_median,summary_gm_median,DOUBLE,"$.""summary_gm_median""",true
T1w,raw_t1w,summary_bg_k,summary_bg_k,DOUBLE,"$.""summary_bg_k""",true
T1w,raw_t1w,spacing_x,spacing_x,DOUBLE,"$.""spacing_x""",true
T1w,raw_t1w,cjv,cjv,DOUBLE,"$.""cjv""",true
T1w,raw_t1w,etag,_etag,VARCHAR,"$.""_etag""",true
T1w,raw_t1w,summary_gm_p95,summary_gm_p95,DOUBLE,"$.""summary_gm_p95""",true
T1w,raw_t1w,tpm_overlap_wm,tpm_overlap_wm,DOUBLE,"$.""tpm_overlap_wm""",true
T1w,raw_t1w,summary_wm_p95,summary_wm_p95,DOUBLE,"$.""summary_wm_p95""",true
T1w,raw_t1w,summary_gm_mad,summary_gm_mad,DOUBLE,"$.""summary_gm_mad""",true
T1w,raw_t1w,summary_wm_p05,summary_wm_p05,DOUBLE,"$.""summary_wm_p05""",true
T1w,raw_t1w,summary_csf_p95,summary_csf_p95,DOUBLE,"$.""summary_csf_p95""",true
T1w,raw_t1w,size_y,size_y,BIGINT,"$.""size_y""",true
T1w,raw_t1w,inu_range,inu_range,DOUBLE,"$.""inu_range""",true
T1w,raw_t1w,tpm_overlap_csf,tpm_overlap_csf,DOUBLE,"$.""tpm_overlap_csf""",true
T1w,raw_t1w,fber,fber,DOUBLE,"$.""fber""",true
T1w,raw_t1w,rpve_gm,rpve_gm,DOUBLE,"$.""rpve_gm""",true
T1w,raw_t1w,fwhm_x,fwhm_x,DOUBLE,"$.""fwhm_x""",true
T1w,raw_t1w,icvs_csf,icvs_csf,DOUBLE,"$.""icvs_csf""",true
T1w,raw_t1w,summary_gm_mean,summary_gm_mean,DOUBLE,"$.""summary_gm_mean""",true
T1w,raw_t1w,qi_2,qi_2,DOUBLE,"$.""qi_2""",true
T1w,raw_t1w,snrd_gm,snrd_gm,DOUBLE,"$.""snrd_gm""",true
T1w,raw_t1w,summary_csf_k,summary_csf_k,DOUBLE,"$.""summary_csf_k""",true
T1w,raw_t1w,fwhm_z,fwhm_z,DOUBLE,"$.""fwhm_z""",true
T1w,raw_t1w,fwhm_y,fwhm_y,DOUBLE,"$.""fwhm_y""",true
T1w,raw_t1w,size_x,size_x,BIGINT,"$.""size_x""",true
T1w,raw_t1w,summary_wm_k,summary_wm_k,DOUBLE,"$.""summary_wm_k""",true
T1w,raw_t1w,spacing_z,spacing_z,DOUBLE,"$.""spacing_z""",true
T1w,raw_t1w,summary_wm_mean,summary_wm_mean,DOUBLE,"$.""summary_wm_mean""",true
T1w,raw_t1w,efc,efc,DOUBLE,"$.""efc""",true
T1w,raw_t1w,summary_bg_median,summary_bg_median,DOUBLE,"$.""summary_bg_median""",true
T1w,raw_t1w,summary_csf_p05,summary_csf_p05,DOUBLE,"$.""summary_csf_p05""",true
T1w,raw_t1w,snrd_csf,snrd_csf,DOUBLE,"$.""snrd_csf""",true
T1w,raw_t1w,summary_wm_n,summary_wm_n,DOUBLE,"$.""summary_wm_n""",true
T1w,raw_t1w,wm2max,wm2max,DOUBLE,"$.""wm2max""",true
T1w,raw_t1w,tpm_overlap_gm,tpm_overlap_gm,DOUBLE,"$.""tpm_overlap_gm""",true
T1w,raw_t1w,summary_wm_mad,summary_wm_mad,DOUBLE,"$.""summary_wm_mad""",true
T1w,raw_t1w,summary_bg_mad,summary_bg_mad,DOUBLE,"$.""summary_bg_mad""",true
T1w,raw_t1w,snr_csf,snr_csf,DOUBLE,"$.""snr_csf""",true
T1w,raw_t1w,size_z,size_z,BIGINT,"$.""size_z""",true
T1w,raw_t1w,summary_bg_n,summary_bg_n,BIGINT,"$.""summary_bg_n""",true
T1w,raw_t1w,snrd_total,snrd_total,DOUBLE,"$.""snrd_total""",true
T1w,raw_t1w,summary_gm_p05,summary_gm_p05,DOUBLE,"$.""summary_gm_p05""",true
T1w,raw_t1w,qi_1,qi_1,DOUBLE,"$.""qi_1""",true
T1w,canon_t1w_k3pp,id,_id,VARCHAR,"$.""_id""",true
T1w,canon_t1w_k3pp,icvs_wm,icvs_wm,DOUBLE,"$.""icvs_wm""",true
T1w,canon_t1w_k3pp,summary_csf_n,summary_csf_n,DOUBLE,"$.""summary_csf_n""",true
T1w,canon_t1w_k3pp,snr_total,snr_total,DOUBLE,"$.""snr_total""",true
T1w,canon_t1w_k3pp,summary_wm_median,summary_wm_median,DOUBLE,"$.""summary_wm_median""",true
T1w,canon_t1w_k3pp,accel_num_reference_lines,bids_meta.AccelNumReferenceLines,DOUBLE,"$.""bids_meta"".""AccelNumReferenceLines""",true
T1w,canon_t1w_k3pp,acceleration_factor_pe,bids_meta.AccelerationFactorPE,DOUBLE,"$.""bids_meta"".""AccelerationFactorPE""",true
T1w,canon_t1w_k3pp,acquisition_matrix,bids_meta.AcquisitionMatrix,VARCHAR,"$.""bids_meta"".""AcquisitionMatrix""",true
T1w,canon_t1w_k3pp,acquisition_matrix_pe,bids_meta.AcquisitionMatrixPE,DOUBLE,"$.""bids_meta"".""AcquisitionMatrixPE""",true
T1w,canon_t1w_k3pp,acquisition_number,bids_meta.AcquisitionNumber,DOUBLE,"$.""bids_meta"".""AcquisitionNumber""",true
T1w,canon_t1w_k3pp,acquisition_time,bids_meta.AcquisitionTime,VARCHAR,"$.""bids_meta"".""AcquisitionTime""",true
T1w,canon_t1w_k3pp,base_resolution,bids_meta.BaseResolution,DOUBLE,"$.""bids_meta"".""BaseResolution""",true
T1w,canon_t1w_k3pp,body_part_examined,bids_meta.BodyPartExamined,VARCHAR,"$.""bids_meta"".""BodyPartExamined""",true
T1w,canon_t1w_k3pp,cog_atlas_id,bids_meta.CogAtlasID,VARCHAR,"$.""bids_meta"".""CogAtlasID""",true
T1w,canon_t1w_k3pp,cog_poid,bids_meta.CogPOID,VARCHAR,"$.""bids_meta"".""CogPOID""",true
T1w,canon_t1w_k3pp,coil_combination_method,bids_meta.CoilCombinationMethod,VARCHAR,"$.""bids_meta"".""CoilCombinationMethod""",true
T1w,canon_t1w_k3pp,consistency_info,bids_meta.ConsistencyInfo,VARCHAR,"$.""bids_meta"".""ConsistencyInfo""",true
T1w,canon_t1w_k3pp,contrast_bolus_ingredient,bids_meta.ContrastBolusIngredient,VARCHAR,"$.""bids_meta"".""ContrastBolusIngredient""",true
T1w,canon_t1w_k3pp,conversion_software,bids_meta.ConversionSoftware,VARCHAR,"$.""bids_meta"".""ConversionSoftware""",true
T1w,canon_t1w_k3pp,conversion_software_version,bids_meta.ConversionSoftwareVersion,VARCHAR,"$.""bids_meta"".""ConversionSoftwareVersion""",true
T1w,canon_t1w_k3pp,device_serial_number,bids_meta.DeviceSerialNumber,VARCHAR,"$.""bids_meta"".""DeviceSerialNumber""",true
T1w,canon_t1w_k3pp,dwell_time,bids_meta.DwellTime,DOUBLE,"$.""bids_meta"".""DwellTime""",true
T1w,canon_t1w_k3pp,echo_time,bids_meta.EchoTime,DOUBLE,"$.""bids_meta"".""EchoTime""",true
T1w,canon_t1w_k3pp,echo_train_length,bids_meta.EchoTrainLength,DOUBLE,"$.""bids_meta"".""EchoTrainLength""",true
T1w,canon_t1w_k3pp,effective_echo_spacing,bids_meta.EffectiveEchoSpacing,DOUBLE,"$.""bids_meta"".""EffectiveEchoSpacing""",true
T1w,canon_t1w_k3pp,flip_angle,bids_meta.FlipAngle,DOUBLE,"$.""bids_meta"".""FlipAngle""",true
T1w,canon_t1w_k3pp,gradient_set_type,bids_meta.GradientSetType,VARCHAR,"$.""bids_meta"".""GradientSetType""",true
T1w,canon_t1w_k3pp,hardcopy_device_software_version,bids_meta.HardcopyDeviceSoftwareVersion,VARCHAR,"$.""bids_meta"".""HardcopyDeviceSoftwareVersion""",true
T1w,canon_t1w_k3pp,image_orientation_patient_dicom,bids_meta.ImageOrientationPatientDICOM,VARCHAR,"$.""bids_meta"".""ImageOrientationPatientDICOM""",true
T1w,canon_t1w_k3pp,imaging_frequency,bids_meta.ImagingFrequency,DOUBLE,"$.""bids_meta"".""ImagingFrequency""",true
T1w,canon_t1w_k3pp,in_plane_phase_encoding_direction,bids_meta.InPlanePhaseEncodingDirection,VARCHAR,"$.""bids_meta"".""InPlanePhaseEncodingDirection""",true
T1w,canon_t1w_k3pp,in_plane_phase_encoding_direction_dicom,bids_meta.InPlanePhaseEncodingDirectionDICOM,VARCHAR,"$.""bids_meta"".""InPlanePhaseEncodingDirectionDICOM""",true
T1w,canon_t1w_k3pp,institution_address,bids_meta.InstitutionAddress,VARCHAR,"$.""bids_meta"".""InstitutionAddress""",true
T1w,canon_t1w_k3pp,institution_name,bids_meta.InstitutionName,VARCHAR,"$.""bids_meta"".""InstitutionName""",true
T1w,canon_t1w_k3pp,institutional_department_name,bids_meta.InstitutionalDepartmentName,VARCHAR,"$.""bids_meta"".""InstitutionalDepartmentName""",true
T1w,canon_t1w_k3pp,inversion_time,bids_meta.InversionTime,DOUBLE,"$.""bids_meta"".""InversionTime""",true
T1w,canon_t1w_k3pp,mr_acquisition_type,bids_meta.MRAcquisitionType,VARCHAR,"$.""bids_meta"".""MRAcquisitionType""",true
T1w,canon_t1w_k3pp,mr_transmit_coil_sequence,bids_meta.MRTransmitCoilSequence,VARCHAR,"$.""bids_meta"".""MRTransmitCoilSequence""",true
T1w,canon_t1w_k3pp,magnetic_field_strength,bids_meta.MagneticFieldStrength,DOUBLE,"$.""bids_meta"".""MagneticFieldStrength""",true
T1w,canon_t1w_k3pp,manufacturer,bids_meta.Manufacturer,VARCHAR,"$.""bids_meta"".""Manufacturer""",true
T1w,canon_t1w_k3pp,manufacturer_raw,bids_meta.Manufacturer,VARCHAR,"$.""bids_meta"".""Manufacturer""",true
T1w,canon_t1w_k3pp,manufacturers_model_name,bids_meta.ManufacturersModelName,VARCHAR,"$.""bids_meta"".""ManufacturersModelName""",true
T1w,canon_t1w_k3pp,matrix_coil_mode,bids_meta.MatrixCoilMode,VARCHAR,"$.""bids_meta"".""MatrixCoilMode""",true
T1w,canon_t1w_k3pp,multiband_acceleration_factor,bids_meta.MultibandAccelerationFactor,DOUBLE,"$.""bids_meta"".""MultibandAccelerationFactor""",true
T1w,canon_t1w_k3pp,number_of_averages,bids_meta.NumberOfAverages,DOUBLE,"$.""bids_meta"".""NumberOfAverages""",true
T1w,canon_t1w_k3pp,number_of_phase_encoding_steps,bids_meta.NumberOfPhaseEncodingSteps,DOUBLE,"$.""bids_meta"".""NumberOfPhaseEncodingSteps""",true
T1w,canon_t1w_k3pp,number_of_volumes_discarded_by_scanner,bids_meta.NumberOfVolumesDiscardedByScanner,DOUBLE,"$.""bids_meta"".""NumberOfVolumesDiscardedByScanner""",true
T1w,canon_t1w_k3pp,number_of_volumes_discarded_by_user,bids_meta.NumberOfVolumesDiscardedByUser,DOUBLE,"$.""bids_meta"".""NumberOfVolumesDiscardedByUser""",true
T1w,canon_t1w_k3pp,number_shots,bids_meta.NumberShots,DOUBLE,"$.""bids_meta"".""NumberShots""",true
T1w,canon_t1w_k3pp,parallel_acquisition_technique,bids_meta.ParallelAcquisitionTechnique,VARCHAR,"$.""bids_meta"".""ParallelAcquisitionTechnique""",true
T1w,canon_t1w_k3pp,parallel_reduction_factor_in_plane,bids_meta.ParallelReductionFactorInPlane,DOUBLE,"$.""bids_meta"".""ParallelReductionFactorInPlane""",true
T1w,canon_t1w_k3pp,partial_fourier,bids_meta.PartialFourier,BOOLEAN,"$.""bids_meta"".""PartialFourier""",true
T1w,canon_t1w_k3pp,partial_fourier_direction,bids_meta.PartialFourierDirection,VARCHAR,"$.""bids_meta"".""PartialFourierDirection""",true
T1w,canon_t1w_k3pp,patient_position,bids_meta.PatientPosition,VARCHAR,"$.""bids_meta"".""PatientPosition""",true
T1w,canon_t1w_k3pp,percent_phase_fov,bids_meta.PercentPhaseFOV,DOUBLE,"$.""bids_meta"".""PercentPhaseFOV""",true
T1w,canon_t1w_k3pp,percent_phase_field_of_view,bids_meta.PercentPhaseFieldOfView,DOUBLE,"$.""bids_meta"".""PercentPhaseFieldOfView""",true
T1w,canon_t1w_k3pp,percent_sampling,bids_meta.PercentSampling,DOUBLE,"$.""bids_meta"".""PercentSampling""",true
T1w,canon_t1w_k3pp,phase_encoding_direction,bids_meta.PhaseEncodingDirection,VARCHAR,"$.""bids_meta"".""PhaseEncodingDirection""",true
T1w,canon_t1w_k3pp,phase_encoding_steps,bids_meta.PhaseEncodingSteps,DOUBLE,"$.""bids_meta"".""PhaseEncodingSteps""",true
T1w,canon_t1w_k3pp,phase_resolution,bids_meta.PhaseResolution,DOUBLE,"$.""bids_meta"".""PhaseResolution""",true
T1w,canon_t1w_k3pp,pixel_bandwidth,bids_meta.PixelBandwidth,DOUBLE,"$.""bids_meta"".""PixelBandwidth""",true
T1w,canon_t1w_k3pp,procedure_step_description,bids_meta.ProcedureStepDescription,VARCHAR,"$.""bids_meta"".""ProcedureStepDescription""",true
T1w,canon_t1w_k3pp,protocol_name,bids_meta.ProtocolName,VARCHAR,"$.""bids_meta"".""ProtocolName""",true
T1w,canon_t1w_k3pp,pulse_sequence_details,bids_meta.PulseSequenceDetails,VARCHAR,"$.""bids_meta"".""PulseSequenceDetails""",true
T1w,canon_t1w_k3pp,pulse_sequence_type,bids_meta.PulseSequenceType,VARCHAR,"$.""bids_meta"".""PulseSequenceType""",true
T1w,canon_t1w_k3pp,receive_coil_active_elements,bids_meta.ReceiveCoilActiveElements,VARCHAR,"$.""bids_meta"".""ReceiveCoilActiveElements""",true
T1w,canon_t1w_k3pp,receive_coil_name,bids_meta.ReceiveCoilName,VARCHAR,"$.""bids_meta"".""ReceiveCoilName""",true
T1w,canon_t1w_k3pp,recon_matrix_pe,bids_meta.ReconMatrixPE,DOUBLE,"$.""bids_meta"".""ReconMatrixPE""",true
T1w,canon_t1w_k3pp,repetition_time,bids_meta.RepetitionTime,DOUBLE,"$.""bids_meta"".""RepetitionTime""",true
T1w,canon_t1w_k3pp,sar,bids_meta.SAR,DOUBLE,"$.""bids_meta"".""SAR""",true
T1w,canon_t1w_k3pp,scan_options,bids_meta.ScanOptions,VARCHAR,"$.""bids_meta"".""ScanOptions""",true
T1w,canon_t1w_k3pp,scanning_sequence,bids_meta.ScanningSequence,VARCHAR,"$.""bids_meta"".""ScanningSequence""",true
T1w,canon_t1w_k3pp,sequence_name,bids_meta.SequenceName,VARCHAR,"$.""bids_meta"".""SequenceName""",true
T1w,canon_t1w_k3pp,sequence_variant,bids_meta.SequenceVariant,VARCHAR,"$.""bids_meta"".""SequenceVariant""",true
T1w,canon_t1w_k3pp,series_description,bids_meta.SeriesDescription,VARCHAR,"$.""bids_meta"".""SeriesDescription""",true
T1w,canon_t1w_k3pp,series_number,bids_meta.SeriesNumber,DOUBLE,"$.""bids_meta"".""SeriesNumber""",true
T1w,canon_t1w_k3pp,shim_setting,bids_meta.ShimSetting,VARCHAR,"$.""bids_meta"".""ShimSetting""",true
T1w,canon_t1w_k3pp,slice_encoding_direction,bids_meta.SliceEncodingDirection,VARCHAR,"$.""bids_meta"".""SliceEncodingDirection""",true
T1w,canon_t1w_k3pp,slice_thickness,bids_meta.SliceThickness,DOUBLE,"$.""bids_meta"".""SliceThickness""",true
T1w,canon_t1w_k3pp,software_versions,bids_meta.SoftwareVersions,VARCHAR,"$.""bids_meta"".""SoftwareVersions""",true
T1w,canon_t1w_k3pp,station_name,bids_meta.StationName,VARCHAR,"$.""bids_meta"".""StationName""",true
T1w,canon_t1w_k3pp,task_name,bids_meta.TaskName,VARCHAR,"$.""bids_meta"".""TaskName""",true
T1w,canon_t1w_k3pp,total_readout_time,bids_meta.TotalReadoutTime,DOUBLE,"$.""bids_meta"".""TotalReadoutTime""",true
T1w,canon_t1w_k3pp,total_scan_time_sec,bids_meta.TotalScanTimeSec,DOUBLE,"$.""bids_meta"".""TotalScanTimeSec""",true
T1w,canon_t1w_k3pp,transmit_coil_name,bids_meta.TransmitCoilName,VARCHAR,"$.""bids_meta"".""TransmitCoilName""",true
T1w,canon_t1w_k3pp,tx_ref_amp,bids_meta.TxRefAmp,DOUBLE,"$.""bids_meta"".""TxRefAmp""",true
T1w,canon_t1w_k3pp,variable_flip_angle_flag,bids_meta.VariableFlipAngleFlag,VARCHAR,"$.""bids_meta"".""VariableFlipAngleFlag""",true
T1w,canon_t1w_k3pp,acq_id,bids_meta.acq_id,VARCHAR,"$.""bids_meta"".""acq_id""",true
T1w,canon_t1w_k3pp,dataset,bids_meta.dataset,VARCHAR,"$.""bids_meta"".""dataset""",true
T1w,canon_t1w_k3pp,modality,bids_meta.modality,VARCHAR,"$.""bids_meta"".""modality""",true
T1w,canon_t1w_k3pp,rec_id,bids_meta.rec_id,VARCHAR,"$.""bids_meta"".""rec_id""",true
T1w,canon_t1w_k3pp,run_id,bids_meta.run_id,VARCHAR,"$.""bids_meta"".""run_id""",true
T1w,canon_t1w_k3pp,session_id,bids_meta.session_id,VARCHAR,"$.""bids_meta"".""session_id""",true
T1w,canon_t1w_k3pp,subject_id,bids_meta.subject_id,VARCHAR,"$.""bids_meta"".""subject_id""",true
T1w,canon_t1w_k3pp,task_id,bids_meta.task_id,VARCHAR,"$.""bids_meta"".""task_id""",true
T1w,canon_t1w_k3pp,cnr,cnr,DOUBLE,"$.""cnr""",true
T1w,canon_t1w_k3pp,summary_wm_stdv,summary_wm_stdv,DOUBLE,"$.""summary_wm_stdv""",true
T1w,canon_t1w_k3pp,created_at,_created,TIMESTAMP,"$.""_created""",true
T1w,canon_t1w_k3pp,summary_bg_p95,summary_bg_p95,DOUBLE,"$.""summary_bg_p95""",true
T1w,canon_t1w_k3pp,summary_gm_k,summary_gm_k,DOUBLE,"$.""summary_gm_k""",true
T1w,canon_t1w_k3pp,fwhm_avg,fwhm_avg,DOUBLE,"$.""fwhm_avg""",true
T1w,canon_t1w_k3pp,summary_csf_mean,summary_csf_mean,DOUBLE,"$.""summary_csf_mean""",true
T1w,canon_t1w_k3pp,snrd_wm,snrd_wm,DOUBLE,"$.""snrd_wm""",true
T1w,canon_t1w_k3pp,rpve_wm,rpve_wm,DOUBLE,"$.""rpve_wm""",true
T1w,canon_t1w_k3pp,summary_bg_stdv,summary_bg_stdv,DOUBLE,"$.""summary_bg_stdv""",true
T1w,canon_t1w_k3pp,inu_med,inu_med,DOUBLE,"$.""inu_med""",true
T1w,canon_t1w_k3pp,snr_wm,snr_wm,DOUBLE,"$.""snr_wm""",true
T1w,canon_t1w_k3pp,summary_csf_median,summary_csf_median,DOUBLE,"$.""summary_csf_median""",true
T1w,canon_t1w_k3pp,summary_csf_mad,summary_csf_mad,DOUBLE,"$.""summary_csf_mad""",true
T1w,canon_t1w_k3pp,summary_bg_mean,summary_bg_mean,DOUBLE,"$.""summary_bg_mean""",true
T1w,canon_t1w_k3pp,icvs_gm,icvs_gm,DOUBLE,"$.""icvs_gm""",true
T1w,canon_t1w_k3pp,provenance_email,provenance.email,VARCHAR,"$.""provenance"".""email""",true
T1w,canon_t1w_k3pp,provenance_md5sum,provenance.md5sum,VARCHAR,"$.""provenance"".""md5sum""",true
T1w,canon_t1w_k3pp,provenance_settings_testing,provenance.settings.testing,BOOLEAN,"$.""provenance"".""settings"".""testing""",true
T1w,canon_t1w_k3pp,provenance_software,provenance.software,VARCHAR,"$.""provenance"".""software""",true
T1w,canon_t1w_k3pp,provenance_version,provenance.version,VARCHAR,"$.""provenance"".""version""",true
T1w,canon_t1w_k3pp,provenance_warnings_large_rot_frame,provenance.warnings.large_rot_frame,BOOLEAN,"$.""provenance"".""warnings"".""large_rot_frame""",true
T1w,canon_t1w_k3pp,provenance_warnings_small_air_mask,provenance.warnings.small_air_mask,BOOLEAN,"$.""provenance"".""warnings"".""small_air_mask""",true
T1w,canon_t1w_k3pp,provenance_webapi_port,provenance.webapi_port,VARCHAR,"$.""provenance"".""webapi_port""",true
T1w,canon_t1w_k3pp,provenance_webapi_url,provenance.webapi_url,VARCHAR,"$.""provenance"".""webapi_url""",true
T1w,canon_t1w_k3pp,snr_gm,snr_gm,DOUBLE,"$.""snr_gm""",true
T1w,canon_t1w_k3pp,summary_gm_n,summary_gm_n,DOUBLE,"$.""summary_gm_n""",true
T1w,canon_t1w_k3pp,summary_bg_p05,summary_bg_p05,DOUBLE,"$.""summary_bg_p05""",true
T1w,canon_t1w_k3pp,summary_csf_stdv,summary_csf_stdv,DOUBLE,"$.""summary_csf_stdv""",true
T1w,canon_t1w_k3pp,rpve_csf,rpve_csf,DOUBLE,"$.""rpve_csf""",true
T1w,canon_t1w_k3pp,summary_gm_stdv,summary_gm_stdv,DOUBLE,"$.""summary_gm_stdv""",true
T1w,canon_t1w_k3pp,spacing_y,spacing_y,DOUBLE,"$.""spacing_y""",true
T1w,canon_t1w_k3pp,updated_at,_updated,TIMESTAMP,"$.""_updated""",true
T1w,canon_t1w_k3pp,summary_gm_median,summary_gm_median,DOUBLE,"$.""summary_gm_median""",true
T1w,canon_t1w_k3pp,summary_bg_k,summary_bg_k,DOUBLE,"$.""summary_bg_k""",true
T1w,canon_t1w_k3pp,spacing_x,spacing_x,DOUBLE,"$.""spacing_x""",true
T1w,canon_t1w_k3pp,cjv,cjv,DOUBLE,"$.""cjv""",true
T1w,canon_t1w_k3pp,etag,_etag,VARCHAR,"$.""_etag""",true
T1w,canon_t1w_k3pp,summary_gm_p95,summary_gm_p95,DOUBLE,"$.""summary_gm_p95""",true
T1w,canon_t1w_k3pp,tpm_overlap_wm,tpm_overlap_wm,DOUBLE,"$.""tpm_overlap_wm""",true
T1w,canon_t1w_k3pp,summary_wm_p95,summary_wm_p95,DOUBLE,"$.""summary_wm_p95""",true
T1w,canon_t1w_k3pp,summary_gm_mad,summary_gm_mad,DOUBLE,"$.""summary_gm_mad""",true
T1w,canon_t1w_k3pp,summary_wm_p05,summary_wm_p05,DOUBLE,"$.""summary_wm_p05""",true
T1w,canon_t1w_k3pp,summary_csf_p95,summary_csf_p95,DOUBLE,"$.""summary_csf_p95""",true
T1w,canon_t1w_k3pp,size_y,size_y,BIGINT,"$.""size_y""",true
T1w,canon_t1w_k3pp,inu_range,inu_range,DOUBLE,"$.""inu_range""",true
T1w,canon_t1w_k3pp,tpm_overlap_csf,tpm_overlap_csf,DOUBLE,"$.""tpm_overlap_csf""",true
T1w,canon_t1w_k3pp,fber,fber,DOUBLE,"$.""fber""",true
T1w,canon_t1w_k3pp,rpve_gm,rpve_gm,DOUBLE,"$.""rpve_gm""",true
T1w,canon_t1w_k3pp,fwhm_x,fwhm_x,DOUBLE,"$.""fwhm_x""",true
T1w,canon_t1w_k3pp,icvs_csf,icvs_csf,DOUBLE,"$.""icvs_csf""",true
T1w,canon_t1w_k3pp,summary_gm_mean,summary_gm_mean,DOUBLE,"$.""summary_gm_mean""",true
T1w,canon_t1w_k3pp,qi_2,qi_2,DOUBLE,"$.""qi_2""",true
T1w,canon_t1w_k3pp,snrd_gm,snrd_gm,DOUBLE,"$.""snrd_gm""",true
T1w,canon_t1w_k3pp,summary_csf_k,summary_csf_k,DOUBLE,"$.""summary_csf_k""",true
T1w,canon_t1w_k3pp,fwhm_z,fwhm_z,DOUBLE,"$.""fwhm_z""",true
T1w,canon_t1w_k3pp,fwhm_y,fwhm_y,DOUBLE,"$.""fwhm_y""",true
T1w,canon_t1w_k3pp,size_x,size_x,BIGINT,"$.""size_x""",true
T1w,canon_t1w_k3pp,summary_wm_k,summary_wm_k,DOUBLE,"$.""summary_wm_k""",true
T1w,canon_t1w_k3pp,spacing_z,spacing_z,DOUBLE,"$.""spacing_z""",true
T1w,canon_t1w_k3pp,summary_wm_mean,summary_wm_mean,DOUBLE,"$.""summary_wm_mean""",true
T1w,canon_t1w_k3pp,efc,efc,DOUBLE,"$.""efc""",true
T1w,canon_t1w_k3pp,summary_bg_median,summary_bg_median,DOUBLE,"$.""summary_bg_median""",true
T1w,canon_t1w_k3pp,summary_csf_p05,summary_csf_p05,DOUBLE,"$.""summary_csf_p05""",true
T1w,canon_t1w_k3pp,snrd_csf,snrd_csf,DOUBLE,"$.""snrd_csf""",true
T1w,canon_t1w_k3pp,summary_wm_n,summary_wm_n,DOUBLE,"$.""summary_wm_n""",true
T1w,canon_t1w_k3pp,wm2max,wm2max,DOUBLE,"$.""wm2max""",true
T1w,canon_t1w_k3pp,tpm_overlap_gm,tpm_overlap_gm,DOUBLE,"$.""tpm_overlap_gm""",true
T1w,canon_t1w_k3pp,summary_wm_mad,summary_wm_mad,DOUBLE,"$.""summary_wm_mad""",true
T1w,canon_t1w_k3pp,summary_bg_mad,summary_bg_mad,DOUBLE,"$.""summary_bg_mad""",true
T1w,canon_t1w_k3pp,snr_csf,snr_csf,DOUBLE,"$.""snr_csf""",true
T1w,canon_t1w_k3pp,size_z,size_z,BIGINT,"$.""size_z""",true
T1w,canon_t1w_k3pp,summary_bg_n,summary_bg_n,BIGINT,"$.""summary_bg_n""",true
T1w,canon_t1w_k3pp,snrd_total,snrd_total,DOUBLE,"$.""snrd_total""",true
T1w,canon_t1w_k3pp,summary_gm_p05,summary_gm_p05,DOUBLE,"$.""summary_gm_p05""",true
T1w,canon_t1w_k3pp,qi_1,qi_1,DOUBLE,"$.""qi_1""",true
T1w,canon_t1w_k3pp,canonical_policy,canonical_policy,VARCHAR,"$.""canonical_policy""",true
T1w,canon_t1w_k3pp,canonical_group_rows,canonical_group_rows,BIGINT,"$.""canonical_group_rows""",true
T1w,canon_t1w_k3pp,canonical_distinct_vectors,canonical_distinct_vectors,BIGINT,"$.""canonical_distinct_vectors""",true
T1w,canon_t1w_k3pp,canonical_diameter,canonical_diameter,DOUBLE,"$.""canonical_diameter""",true
T1w,canon_t1w_k3pp,canonical_selection,canonical_selection,VARCHAR,"$.""canonical_selection""",true
T2w,raw_t2w,id,_id,VARCHAR,"$.""_id""",true
T2w,raw_t2w,rpve_csf,rpve_csf,DOUBLE,"$.""rpve_csf""",true
T2w,raw_t2w,fber,fber,DOUBLE,"$.""fber""",true
T2w,raw_t2w,snrd_total,snrd_total,DOUBLE,"$.""snrd_total""",true
T2w,raw_t2w,tpm_overlap_csf,tpm_overlap_csf,DOUBLE,"$.""tpm_overlap_csf""",true
T2w,raw_t2w,summary_csf_k,summary_csf_k,DOUBLE,"$.""summary_csf_k""",true
T2w,raw_t2w,snr_csf,snr_csf,DOUBLE,"$.""snr_csf""",true
T2w,raw_t2w,snr_total,snr_total,DOUBLE,"$.""snr_total""",true
T2w,raw_t2w,tpm_overlap_wm,tpm_overlap_wm,DOUBLE,"$.""tpm_overlap_wm""",true
T2w,raw_t2w,icvs_wm,icvs_wm,DOUBLE,"$.""icvs_wm""",true
T2w,raw_t2w,inu_range,inu_range,DOUBLE,"$.""inu_range""",true
T2w,raw_t2w,qi_1,qi_1,DOUBLE,"$.""qi_1""",true
T2w,raw_t2w,subject_id,bids_meta.subject_id,VARCHAR,"$.""bids_meta"".""subject_id""",true
T2w,raw_t2w,session_id,bids_meta.session_id,VARCHAR,"$.""bids_meta"".""session_id""",true
T2w,raw_t2w,modality,bids_meta.modality,VARCHAR,"$.""bids_meta"".""modality""",true
T2w,raw_t2w,run_id,bids_meta.run_id,VARCHAR,"$.""bids_meta"".""run_id""",true
T2w,raw_t2w,device_serial_number,bids_meta.DeviceSerialNumber,VARCHAR,"$.""bids_meta"".""DeviceSerialNumber""",true
T2w,raw_t2w,receive_coil_name,bids_meta.ReceiveCoilName,VARCHAR,"$.""bids_meta"".""ReceiveCoilName""",true
T2w,raw_t2w,phase_encoding_direction,bids_meta.PhaseEncodingDirection,VARCHAR,"$.""bids_meta"".""PhaseEncodingDirection""",true
T2w,raw_t2w,institution_address,bids_meta.InstitutionAddress,VARCHAR,"$.""bids_meta"".""InstitutionAddress""",true
T2w,raw_t2w,flip_angle,bids_meta.FlipAngle,DOUBLE,"$.""bids_meta"".""FlipAngle""",true
T2w,raw_t2w,pulse_sequence_details,bids_meta.PulseSequenceDetails,VARCHAR,"$.""bids_meta"".""PulseSequenceDetails""",true
T2w,raw_t2w,sequence_name,bids_meta.SequenceName,VARCHAR,"$.""bids_meta"".""SequenceName""",true
T2w,raw_t2w,protocol_name,bids_meta.ProtocolName,VARCHAR,"$.""bids_meta"".""ProtocolName""",true
T2w,raw_t2w,software_versions,bids_meta.SoftwareVersions,VARCHAR,"$.""bids_meta"".""SoftwareVersions""",true
T2w,raw_t2w,magnetic_field_strength,bids_meta.MagneticFieldStrength,DOUBLE,"$.""bids_meta"".""MagneticFieldStrength""",true
T2w,raw_t2w,manufacturers_model_name,bids_meta.ManufacturersModelName,VARCHAR,"$.""bids_meta"".""ManufacturersModelName""",true
T2w,raw_t2w,partial_fourier,bids_meta.PartialFourier,BOOLEAN,"$.""bids_meta"".""PartialFourier""",true
T2w,raw_t2w,mr_acquisition_type,bids_meta.MRAcquisitionType,VARCHAR,"$.""bids_meta"".""MRAcquisitionType""",true
T2w,raw_t2w,patient_position,bids_meta.PatientPosition,VARCHAR,"$.""bids_meta"".""PatientPosition""",true
T2w,raw_t2w,scanning_sequence,bids_meta.ScanningSequence,VARCHAR,"$.""bids_meta"".""ScanningSequence""",true
T2w,raw_t2w,echo_train_length,bids_meta.EchoTrainLength,DOUBLE,"$.""bids_meta"".""EchoTrainLength""",true
T2w,raw_t2w,conversion_software,bids_meta.ConversionSoftware,VARCHAR,"$.""bids_meta"".""ConversionSoftware""",true
T2w,raw_t2w,sequence_variant,bids_meta.SequenceVariant,VARCHAR,"$.""bids_meta"".""SequenceVariant""",true
T2w,raw_t2w,institution_name,bids_meta.InstitutionName,VARCHAR,"$.""bids_meta"".""InstitutionName""",true
T2w,raw_t2w,pixel_bandwidth,bids_meta.PixelBandwidth,DOUBLE,"$.""bids_meta"".""PixelBandwidth""",true
T2w,raw_t2w,manufacturer,bids_meta.Manufacturer,VARCHAR,"$.""bids_meta"".""Manufacturer""",true
T2w,raw_t2w,manufacturer_raw,bids_meta.Manufacturer,VARCHAR,"$.""bids_meta"".""Manufacturer""",true
T2w,raw_t2w,echo_time,bids_meta.EchoTime,DOUBLE,"$.""bids_meta"".""EchoTime""",true
T2w,raw_t2w,conversion_software_version,bids_meta.ConversionSoftwareVersion,VARCHAR,"$.""bids_meta"".""ConversionSoftwareVersion""",true
T2w,raw_t2w,image_type,bids_meta.ImageType,VARCHAR,"$.""bids_meta"".""ImageType""",true
T2w,raw_t2w,repetition_time,bids_meta.RepetitionTime,DOUBLE,"$.""bids_meta"".""RepetitionTime""",true
T2w,raw_t2w,inversion_time,bids_meta.InversionTime,DOUBLE,"$.""bids_meta"".""InversionTime""",true
T2w,raw_t2w,scan_options,bids_meta.ScanOptions,VARCHAR,"$.""bids_meta"".""ScanOptions""",true
T2w,raw_t2w,acq_id,bids_meta.acq_id,VARCHAR,"$.""bids_meta"".""acq_id""",true
T2w,raw_t2w,parallel_reduction_factor_in_plane,bids_meta.ParallelReductionFactorInPlane,DOUBLE,"$.""bids_meta"".""ParallelReductionFactorInPlane""",true
T2w,raw_t2w,effective_echo_spacing,bids_meta.EffectiveEchoSpacing,DOUBLE,"$.""bids_meta"".""EffectiveEchoSpacing""",true
T2w,raw_t2w,pulse_sequence_type,bids_meta.PulseSequenceType,VARCHAR,"$.""bids_meta"".""PulseSequenceType""",true
T2w,raw_t2w,parallel_acquisition_technique,bids_meta.ParallelAcquisitionTechnique,VARCHAR,"$.""bids_meta"".""ParallelAcquisitionTechnique""",true
T2w,raw_t2w,imaging_frequency,bids_meta.ImagingFrequency,DOUBLE,"$.""bids_meta"".""ImagingFrequency""",true
T2w,raw_t2w,total_readout_time,bids_meta.TotalReadoutTime,DOUBLE,"$.""bids_meta"".""TotalReadoutTime""",true
T2w,raw_t2w,slice_encoding_direction,bids_meta.SliceEncodingDirection,VARCHAR,"$.""bids_meta"".""SliceEncodingDirection""",true
T2w,raw_t2w,number_of_averages,bids_meta.NumberOfAverages,DOUBLE,"$.""bids_meta"".""NumberOfAverages""",true
T2w,raw_t2w,percent_sampling,bids_meta.PercentSampling,DOUBLE,"$.""bids_meta"".""PercentSampling""",true
T2w,raw_t2w,task_id,bids_meta.task_id,VARCHAR,"$.""bids_meta"".""task_id""",true
T2w,raw_t2w,coil_combination_method,bids_meta.CoilCombinationMethod,VARCHAR,"$.""bids_meta"".""CoilCombinationMethod""",true
T2w,raw_t2w,matrix_coil_mode,bids_meta.MatrixCoilMode,VARCHAR,"$.""bids_meta"".""MatrixCoilMode""",true
T2w,raw_t2w,task_name,bids_meta.TaskName,VARCHAR,"$.""bids_meta"".""TaskName""",true
T2w,raw_t2w,partial_fourier_direction,bids_meta.PartialFourierDirection,VARCHAR,"$.""bids_meta"".""PartialFourierDirection""",true
T2w,raw_t2w,multiband_acceleration_factor,bids_meta.MultibandAccelerationFactor,DOUBLE,"$.""bids_meta"".""MultibandAccelerationFactor""",true
T2w,raw_t2w,wm2max,wm2max,DOUBLE,"$.""wm2max""",true
T2w,raw_t2w,size_x,size_x,BIGINT,"$.""size_x""",true
T2w,raw_t2w,summary_bg_mad,summary_bg_mad,DOUBLE,"$.""summary_bg_mad""",true
T2w,raw_t2w,summary_gm_mad,summary_gm_mad,DOUBLE,"$.""summary_gm_mad""",true
T2w,raw_t2w,icvs_csf,icvs_csf,DOUBLE,"$.""icvs_csf""",true
T2w,raw_t2w,summary_wm_mean,summary_wm_mean,DOUBLE,"$.""summary_wm_mean""",true
T2w,raw_t2w,size_z,size_z,BIGINT,"$.""size_z""",true
T2w,raw_t2w,summary_wm_k,summary_wm_k,DOUBLE,"$.""summary_wm_k""",true
T2w,raw_t2w,summary_gm_mean,summary_gm_mean,DOUBLE,"$.""summary_gm_mean""",true
T2w,raw_t2w,tpm_overlap_gm,tpm_overlap_gm,DOUBLE,"$.""tpm_overlap_gm""",true
T2w,raw_t2w,fwhm_avg,fwhm_avg,DOUBLE,"$.""fwhm_avg""",true
T2w,raw_t2w,spacing_y,spacing_y,DOUBLE,"$.""spacing_y""",true
T2w,raw_t2w,summary_csf_mad,summary_csf_mad,DOUBLE,"$.""summary_csf_mad""",true
T2w,raw_t2w,summary_csf_mean,summary_csf_mean,DOUBLE,"$.""summary_csf_mean""",true
T2w,raw_t2w,cjv,cjv,DOUBLE,"$.""cjv""",true
T2w,raw_t2w,efc,efc,DOUBLE,"$.""efc""",true
T2w,raw_t2w,summary_csf_n,summary_csf_n,DOUBLE,"$.""summary_csf_n""",true
T2w,raw_t2w,summary_bg_p95,summary_bg_p95,DOUBLE,"$.""summary_bg_p95""",true
T2w,raw_t2w,summary_wm_stdv,summary_wm_stdv,DOUBLE,"$.""summary_wm_stdv""",true
T2w,raw_t2w,size_y,size_y,BIGINT,"$.""size_y""",true
T2w,raw_t2w,snr_wm,snr_wm,DOUBLE,"$.""snr_wm""",true
T2w,raw_t2w,summary_gm_n,summary_gm_n,DOUBLE,"$.""summary_gm_n""",true
T2w,raw_t2w,summary_wm_n,summary_wm_n,DOUBLE,"$.""summary_wm_n""",true
T2w,raw_t2w,updated_at,_updated,TIMESTAMP,"$.""_updated""",true
T2w,raw_t2w,summary_csf_stdv,summary_csf_stdv,DOUBLE,"$.""summary_csf_stdv""",true
T2w,raw_t2w,etag,_etag,VARCHAR,"$.""_etag""",true
T2w,raw_t2w,fwhm_x,fwhm_x,DOUBLE,"$.""fwhm_x""",true
T2w,raw_t2w,provenance_md5sum,provenance.md5sum,VARCHAR,"$.""provenance"".""md5sum""",true
T2w,raw_t2w,provenance_settings_testing,provenance.settings.testing,BOOLEAN,"$.""provenance"".""settings"".""testing""",true
T2w,raw_t2w,provenance_version,provenance.version,VARCHAR,"$.""provenance"".""version""",true
T2w,raw_t2w,provenance_software,provenance.software,VARCHAR,"$.""provenance"".""software""",true
T2w,raw_t2w,provenance_email,provenance.email,VARCHAR,"$.""provenance"".""email""",true
T2w,raw_t2w,rpve_wm,rpve_wm,DOUBLE,"$.""rpve_wm""",true
T2w,raw_t2w,summary_bg_stdv,summary_bg_stdv,DOUBLE,"$.""summary_bg_stdv""",true
T2w,raw_t2w,summary_wm_median,summary_wm_median,DOUBLE,"$.""summary_wm_median""",true
T2w,raw_t2w,inu_med,inu_med,DOUBLE,"$.""inu_med""",true
T2w,raw_t2w,summary_csf_p95,summary_csf_p95,DOUBLE,"$.""summary_csf_p95""",true
T2w,raw_t2w,summary_csf_p05,summary_csf_p05,DOUBLE,"$.""summary_csf_p05""",true
T2w,raw_t2w,summary_bg_median,summary_bg_median,DOUBLE,"$.""summary_bg_median""",true
T2w,raw_t2w,summary_gm_p95,summary_gm_p95,DOUBLE,"$.""summary_gm_p95""",true
T2w,raw_t2w,icvs_gm,icvs_gm,DOUBLE,"$.""icvs_gm""",true
T2w,raw_t2w,rpve_gm,rpve_gm,DOUBLE,"$.""rpve_gm""",true
T2w,raw_t2w,summary_wm_mad,summary_wm_mad,DOUBLE,"$.""summary_wm_mad""",true
T2w,raw_t2w,summary_gm_stdv,summary_gm_stdv,DOUBLE,"$.""summary_gm_stdv""",true
T2w,raw_t2w,fwhm_z,fwhm_z,DOUBLE,"$.""fwhm_z""",true
T2w,raw_t2w,summary_bg_k,summary_bg_k,DOUBLE,"$.""summary_bg_k""",true
T2w,raw_t2w,spacing_x,spacing_x,DOUBLE,"$.""spacing_x""",true
T2w,raw_t2w,summary_bg_mean,summary_bg_mean,DOUBLE,"$.""summary_bg_mean""",true
T2w,raw_t2w,spacing_z,spacing_z,DOUBLE,"$.""spacing_z""",true
T2w,raw_t2w,qi_2,qi_2,DOUBLE,"$.""qi_2""",true
T2w,raw_t2w,summary_bg_n,summary_bg_n,BIGINT,"$.""summary_bg_n""",true
T2w,raw_t2w,summary_gm_p05,summary_gm_p05,DOUBLE,"$.""summary_gm_p05""",true
T2w,raw_t2w,summary_wm_p05,summary_wm_p05,DOUBLE,"$.""summary_wm_p05""",true
T2w,raw_t2w,snrd_gm,snrd_gm,DOUBLE,"$.""snrd_gm""",true
T2w,raw_t2w,summary_gm_k,summary_gm_k,DOUBLE,"$.""summary_gm_k""",true
T2w,raw_t2w,snr_gm,snr_gm,DOUBLE,"$.""snr_gm""",true
T2w,raw_t2w,snrd_wm,snrd_wm,DOUBLE,"$.""snrd_wm""",true
T2w,raw_t2w,cnr,cnr,DOUBLE,"$.""cnr""",true
T2w,raw_t2w,created_at,_created,TIMESTAMP,"$.""_created""",true
T2w,raw_t2w,summary_bg_p05,summary_bg_p05,DOUBLE,"$.""summary_bg_p05""",true
T2w,raw_t2w,summary_gm_median,summary_gm_median,DOUBLE,"$.""summary_gm_median""",true
T2w,raw_t2w,summary_wm_p95,summary_wm_p95,DOUBLE,"$.""summary_wm_p95""",true
T2w,raw_t2w,summary_csf_median,summary_csf_median,DOUBLE,"$.""summary_csf_median""",true
T2w,raw_t2w,fwhm_y,fwhm_y,DOUBLE,"$.""fwhm_y""",true
T2w,raw_t2w,snrd_csf,snrd_csf,DOUBLE,"$.""snrd_csf""",true
T2w,canon_t2w_k3pp,id,_id,VARCHAR,"$.""_id""",true
T2w,canon_t2w_k3pp,rpve_csf,rpve_csf,DOUBLE,"$.""rpve_csf""",true
T2w,canon_t2w_k3pp,fber,fber,DOUBLE,"$.""fber""",true
T2w,canon_t2w_k3pp,snrd_total,snrd_total,DOUBLE,"$.""snrd_total""",true
T2w,canon_t2w_k3pp,tpm_overlap_csf,tpm_overlap_csf,DOUBLE,"$.""tpm_overlap_csf""",true
T2w,canon_t2w_k3pp,summary_csf_k,summary_csf_k,DOUBLE,"$.""summary_csf_k""",true
T2w,canon_t2w_k3pp,snr_csf,snr_csf,DOUBLE,"$.""snr_csf""",true
T2w,canon_t2w_k3pp,snr_total,snr_total,DOUBLE,"$.""snr_total""",true
T2w,canon_t2w_k3pp,tpm_overlap_wm,tpm_overlap_wm,DOUBLE,"$.""tpm_overlap_wm""",true
T2w,canon_t2w_k3pp,icvs_wm,icvs_wm,DOUBLE,"$.""icvs_wm""",true
T2w,canon_t2w_k3pp,inu_range,inu_range,DOUBLE,"$.""inu_range""",true
T2w,canon_t2w_k3pp,qi_1,qi_1,DOUBLE,"$.""qi_1""",true
T2w,canon_t2w_k3pp,subject_id,bids_meta.subject_id,VARCHAR,"$.""bids_meta"".""subject_id""",true
T2w,canon_t2w_k3pp,session_id,bids_meta.session_id,VARCHAR,"$.""bids_meta"".""session_id""",true
T2w,canon_t2w_k3pp,modality,bids_meta.modality,VARCHAR,"$.""bids_meta"".""modality""",true
T2w,canon_t2w_k3pp,run_id,bids_meta.run_id,VARCHAR,"$.""bids_meta"".""run_id""",true
T2w,canon_t2w_k3pp,device_serial_number,bids_meta.DeviceSerialNumber,VARCHAR,"$.""bids_meta"".""DeviceSerialNumber""",true
T2w,canon_t2w_k3pp,receive_coil_name,bids_meta.ReceiveCoilName,VARCHAR,"$.""bids_meta"".""ReceiveCoilName""",true
T2w,canon_t2w_k3pp,phase_encoding_direction,bids_meta.PhaseEncodingDirection,VARCHAR,"$.""bids_meta"".""PhaseEncodingDirection""",true
T2w,canon_t2w_k3pp,institution_address,bids_meta.InstitutionAddress,VARCHAR,"$.""bids_meta"".""InstitutionAddress""",true
T2w,canon_t2w_k3pp,flip_angle,bids_meta.FlipAngle,DOUBLE,"$.""bids_meta"".""FlipAngle""",true
T2w,canon_t2w_k3pp,pulse_sequence_details,bids_meta.PulseSequenceDetails,VARCHAR,"$.""bids_meta"".""PulseSequenceDetails""",true
T2w,canon_t2w_k3pp,sequence_name,bids_meta.SequenceName,VARCHAR,"$.""bids_meta"".""SequenceName""",true
T2w,canon_t2w_k3pp,protocol_name,bids_meta.ProtocolName,VARCHAR,"$.""bids_meta"".""ProtocolName""",true
T2w,canon_t2w_k3pp,software_versions,bids_meta.SoftwareVersions,VARCHAR,"$.""bids_meta"".""SoftwareVersions""",true
T2w,canon_t2w_k3pp,magnetic_field_strength,bids_meta.MagneticFieldStrength,DOUBLE,"$.""bids_meta"".""MagneticFieldStrength""",true
T2w,canon_t2w_k3pp,manufacturers_model_name,bids_meta.ManufacturersModelName,VARCHAR,"$.""bids_meta"".""ManufacturersModelName""",true
T2w,canon_t2w_k3pp,partial_fourier,bids_meta.PartialFourier,BOOLEAN,"$.""bids_meta"".""PartialFourier""",true
T2w,canon_t2w_k3pp,mr_acquisition_type,bids_meta.MRAcquisitionType,VARCHAR,"$.""bids_meta"".""MRAcquisitionType""",true
T2w,canon_t2w_k3pp,patient_position,bids_meta.PatientPosition,VARCHAR,"$.""bids_meta"".""PatientPosition""",true
T2w,canon_t2w_k3pp,scanning_sequence,bids_meta.ScanningSequence,VARCHAR,"$.""bids_meta"".""ScanningSequence""",true
T2w,canon_t2w_k3pp,echo_train_length,bids_meta.EchoTrainLength,DOUBLE,"$.""bids_meta"".""EchoTrainLength""",true
T2w,canon_t2w_k3pp,conversion_software,bids_meta.ConversionSoftware,VARCHAR,"$.""bids_meta"".""ConversionSoftware""",true
T2w,canon_t2w_k3pp,sequence_variant,bids_meta.SequenceVariant,VARCHAR,"$.""bids_meta"".""SequenceVariant""",true
T2w,canon_t2w_k3pp,institution_name,bids_meta.InstitutionName,VARCHAR,"$.""bids_meta"".""InstitutionName""",true
T2w,canon_t2w_k3pp,pixel_bandwidth,bids_meta.PixelBandwidth,DOUBLE,"$.""bids_meta"".""PixelBandwidth""",true
T2w,canon_t2w_k3pp,manufacturer,bids_meta.Manufacturer,VARCHAR,"$.""bids_meta"".""Manufacturer""",true
T2w,canon_t2w_k3pp,manufacturer_raw,bids_meta.Manufacturer,VARCHAR,"$.""bids_meta"".""Manufacturer""",true
T2w,canon_t2w_k3pp,echo_time,bids_meta.EchoTime,DOUBLE,"$.""bids_meta"".""EchoTime""",true
T2w,canon_t2w_k3pp,conversion_software_version,bids_meta.ConversionSoftwareVersion,VARCHAR,"$.""bids_meta"".""ConversionSoftwareVersion""",true
T2w,canon_t2w_k3pp,image_type,bids_meta.ImageType,VARCHAR,"$.""bids_meta"".""ImageType""",true
T2w,canon_t2w_k3pp,repetition_time,bids_meta.RepetitionTime,DOUBLE,"$.""bids_meta"".""RepetitionTime""",true
T2w,canon_t2w_k3pp,inversion_time,bids_meta.InversionTime,DOUBLE,"$.""bids_meta"".""InversionTime""",true
T2w,canon_t2w_k3pp,scan_options,bids_meta.ScanOptions,VARCHAR,"$.""bids_meta"".""ScanOptions""",true
T2w,canon_t2w_k3pp,acq_id,bids_meta.acq_id,VARCHAR,"$.""bids_meta"".""acq_id""",true
T2w,canon_t2w_k3pp,parallel_reduction_factor_in_plane,bids_meta.ParallelReductionFactorInPlane,DOUBLE,"$.""bids_meta"".""ParallelReductionFactorInPlane""",true
T2w,canon_t2w_k3pp,effective_echo_spacing,bids_meta.EffectiveEchoSpacing,DOUBLE,"$.""bids_meta"".""EffectiveEchoSpacing""",true
T2w,canon_t2w_k3pp,pulse_sequence_type,bids_meta.PulseSequenceType,VARCHAR,"$.""bids_meta"".""PulseSequenceType""",true
T2w,canon_t2w_k3pp,parallel_acquisition_technique,bids_meta.ParallelAcquisitionTechnique,VARCHAR,"$.""bids_meta"".""ParallelAcquisitionTechnique""",true
T2w,canon_t2w_k3pp,imaging_frequency,bids_meta.ImagingFrequency,DOUBLE,"$.""bids_meta"".""ImagingFrequency""",true
T2w,canon_t2w_k3pp,total_readout_time,bids_meta.TotalReadoutTime,DOUBLE,"$.""bids_meta"".""TotalReadoutTime""",true
T2w,canon_t2w_k3pp,slice_encoding_direction,bids_meta.SliceEncodingDirection,VARCHAR,"$.""bids_meta"".""SliceEncodingDirection""",true
T2w,canon_t2w_k3pp,number_of_averages,bids_meta.NumberOfAverages,DOUBLE,"$.""bids_meta"".""NumberOfAverages""",true
T2w,canon_t2w_k3pp,percent_sampling,bids_meta.PercentSampling,DOUBLE,"$.""bids_meta"".""PercentSampling""",true
T2w,canon_t2w_k3pp,task_id,bids_meta.task_id,VARCHAR,"$.""bids_meta"".""task_id""",true
T2w,canon_t2w_k3pp,coil_combination_method,bids_meta.CoilCombinationMethod,VARCHAR,"$.""bids_meta"".""CoilCombinationMethod""",true
T2w,canon_t2w_k3pp,matrix_coil_mode,bids_meta.MatrixCoilMode,VARCHAR,"$.""bids_meta"".""MatrixCoilMode""",true
T2w,canon_t2w_k3pp,task_name,bids_meta.TaskName,VARCHAR,"$.""bids_meta"".""TaskName""",true
T2w,canon_t2w_k3pp,partial_fourier_direction,bids_meta.PartialFourierDirection,VARCHAR,"$.""bids_meta"".""PartialFourierDirection""",true
T2w,canon_t2w_k3pp,multiband_acceleration_factor,bids_meta.MultibandAccelerationFactor,DOUBLE,"$.""bids_meta"".""MultibandAccelerationFactor""",true
T2w,canon_t2w_k3pp,wm2max,wm2max,DOUBLE,"$.""wm2max""",true
T2w,canon_t2w_k3pp,size_x,size_x,BIGINT,"$.""size_x""",true
T2w,canon_t2w_k3pp,summary_bg_mad,summary_bg_mad,DOUBLE,"$.""summary_bg_mad""",true
T2w,canon_t2w_k3pp,summary_gm_mad,summary_gm_mad,DOUBLE,"$.""summary_gm_mad""",true
T2w,canon_t2w_k3pp,icvs_csf,icvs_csf,DOUBLE,"$.""icvs_csf""",true
T2w,canon_t2w_k3pp,summary_wm_mean,summary_wm_mean,DOUBLE,"$.""summary_wm_mean""",true
T2w,canon_t2w_k3pp,size_z,size_z,BIGINT,"$.""size_z""",true
T2w,canon_t2w_k3pp,summary_wm_k,summary_wm_k,DOUBLE,"$.""summary_wm_k""",true
T2w,canon_t2w_k3pp,summary_gm_mean,summary_gm_mean,DOUBLE,"$.""summary_gm_mean""",true
T2w,canon_t2w_k3pp,tpm_overlap_gm,tpm_overlap_gm,DOUBLE,"$.""tpm_overlap_gm""",true
T2w,canon_t2w_k3pp,fwhm_avg,fwhm_avg,DOUBLE,"$.""fwhm_avg""",true
T2w,canon_t2w_k3pp,spacing_y,spacing_y,DOUBLE,"$.""spacing_y""",true
T2w,canon_t2w_k3pp,summary_csf_mad,summary_csf_mad,DOUBLE,"$.""summary_csf_mad""",true
T2w,canon_t2w_k3pp,summary_csf_mean,summary_csf_mean,DOUBLE,"$.""summary_csf_mean""",true
T2w,canon_t2w_k3pp,cjv,cjv,DOUBLE,"$.""cjv""",true
T2w,canon_t2w_k3pp,efc,efc,DOUBLE,"$.""efc""",true
T2w,canon_t2w_k3pp,summary_csf_n,summary_csf_n,DOUBLE,"$.""summary_csf_n""",true
T2w,canon_t2w_k3pp,summary_bg_p95,summary_bg_p95,DOUBLE,"$.""summary_bg_p95""",true
T2w,canon_t2w_k3pp,summary_wm_stdv,summary_wm_stdv,DOUBLE,"$.""summary_wm_stdv""",true
T2w,canon_t2w_k3pp,size_y,size_y,BIGINT,"$.""size_y""",true
T2w,canon_t2w_k3pp,snr_wm,snr_wm,DOUBLE,"$.""snr_wm""",true
T2w,canon_t2w_k3pp,summary_gm_n,summary_gm_n,DOUBLE,"$.""summary_gm_n""",true
T2w,canon_t2w_k3pp,summary_wm_n,summary_wm_n,DOUBLE,"$.""summary_wm_n""",true
T2w,canon_t2w_k3pp,updated_at,_updated,TIMESTAMP,"$.""_updated""",true
T2w,canon_t2w_k3pp,summary_csf_stdv,summary_csf_stdv,DOUBLE,"$.""summary_csf_stdv""",true
T2w,canon_t2w_k3pp,etag,_etag,VARCHAR,"$.""_etag""",true
T2w,canon_t2w_k3pp,fwhm_x,fwhm_x,DOUBLE,"$.""fwhm_x""",true
T2w,canon_t2w_k3pp,provenance_md5sum,provenance.md5sum,VARCHAR,"$.""provenance"".""md5sum""",true
T2w,canon_t2w_k3pp,provenance_settings_testing,provenance.settings.testing,BOOLEAN,"$.""provenance"".""settings"".""testing""",true
T2w,canon_t2w_k3pp,provenance_version,provenance.version,VARCHAR,"$.""provenance"".""version""",true
T2w,canon_t2w_k3pp,provenance_software,provenance.software,VARCHAR,"$.""provenance"".""software""",true
T2w,canon_t2w_k3pp,provenance_email,provenance.email,VARCHAR,"$.""provenance"".""email""",true
T2w,canon_t2w_k3pp,rpve_wm,rpve_wm,DOUBLE,"$.""rpve_wm""",true
T2w,canon_t2w_k3pp,summary_bg_stdv,summary_bg_stdv,DOUBLE,"$.""summary_bg_stdv""",true
T2w,canon_t2w_k3pp,summary_wm_median,summary_wm_median,DOUBLE,"$.""summary_wm_median""",true
T2w,canon_t2w_k3pp,inu_med,inu_med,DOUBLE,"$.""inu_med""",true
T2w,canon_t2w_k3pp,summary_csf_p95,summary_csf_p95,DOUBLE,"$.""summary_csf_p95""",true
T2w,canon_t2w_k3pp,summary_csf_p05,summary_csf_p05,DOUBLE,"$.""summary_csf_p05""",true
T2w,canon_t2w_k3pp,summary_bg_median,summary_bg_median,DOUBLE,"$.""summary_bg_median""",true
T2w,canon_t2w_k3pp,summary_gm_p95,summary_gm_p95,DOUBLE,"$.""summary_gm_p95""",true
T2w,canon_t2w_k3pp,icvs_gm,icvs_gm,DOUBLE,"$.""icvs_gm""",true
T2w,canon_t2w_k3pp,rpve_gm,rpve_gm,DOUBLE,"$.""rpve_gm""",true
T2w,canon_t2w_k3pp,summary_wm_mad,summary_wm_mad,DOUBLE,"$.""summary_wm_mad""",true
T2w,canon_t2w_k3pp,summary_gm_stdv,summary_gm_stdv,DOUBLE,"$.""summary_gm_stdv""",true
T2w,canon_t2w_k3pp,fwhm_z,fwhm_z,DOUBLE,"$.""fwhm_z""",true
T2w,canon_t2w_k3pp,summary_bg_k,summary_bg_k,DOUBLE,"$.""summary_bg_k""",true
T2w,canon_t2w_k3pp,spacing_x,spacing_x,DOUBLE,"$.""spacing_x""",true
T2w,canon_t2w_k3pp,summary_bg_mean,summary_bg_mean,DOUBLE,"$.""summary_bg_mean""",true
T2w,canon_t2w_k3pp,spacing_z,spacing_z,DOUBLE,"$.""spacing_z""",true
T2w,canon_t2w_k3pp,qi_2,qi_2,DOUBLE,"$.""qi_2""",true
T2w,canon_t2w_k3pp,summary_bg_n,summary_bg_n,BIGINT,"$.""summary_bg_n""",true
T2w,canon_t2w_k3pp,summary_gm_p05,summary_gm_p05,DOUBLE,"$.""summary_gm_p05""",true
T2w,canon_t2w_k3pp,summary_wm_p05,summary_wm_p05,DOUBLE,"$.""summary_wm_p05""",true
T2w,canon_t2w_k3pp,snrd_gm,snrd_gm,DOUBLE,"$.""snrd_gm""",true
T2w,canon_t2w_k3pp,summary_gm_k,summary_gm_k,DOUBLE,"$.""summary_gm_k""",true
T2w,canon_t2w_k3pp,snr_gm,snr_gm,DOUBLE,"$.""snr_gm""",true
T2w,canon_t2w_k3pp,snrd_wm,snrd_wm,DOUBLE,"$.""snrd_wm""",true
T2w,canon_t2w_k3pp,cnr,cnr,DOUBLE,"$.""cnr""",true
T2w,canon_t2w_k3pp,created_at,_created,TIMESTAMP,"$.""_created""",true
T2w,canon_t2w_k3pp,summary_bg_p05,summary_bg_p05,DOUBLE,"$.""summary_bg_p05""",true
T2w,canon_t2w_k3pp,summary_gm_median,summary_gm_median,DOUBLE,"$.""summary_gm_median""",true
T2w,canon_t2w_k3pp,summary_wm_p95,summary_wm_p95,DOUBLE,"$.""summary_wm_p95""",true
T2w,canon_t2w_k3pp,summary_csf_median,summary_csf_median,DOUBLE,"$.""summary_csf_median""",true
T2w,canon_t2w_k3pp,fwhm_y,fwhm_y,DOUBLE,"$.""fwhm_y""",true
T2w,canon_t2w_k3pp,snrd_csf,snrd_csf,DOUBLE,"$.""snrd_csf""",true
T2w,canon_t2w_k3pp,canonical_policy,canonical_policy,VARCHAR,"$.""canonical_policy""",true
T2w,canon_t2w_k3pp,canonical_group_rows,canonical_group_rows,BIGINT,"$.""canonical_group_rows""",true
T2w,canon_t2w_k3pp,canonical_distinct_vectors,canonical_distinct_vectors,BIGINT,"$.""canonical_distinct_vectors""",true
T2w,canon_t2w_k3pp,canonical_diameter,canonical_diameter,DOUBLE,"$.""canonical_diameter""",true
T2w,canon_t2w_k3pp,canonical_selection,canonical_selection,VARCHAR,"$.""canonical_selection""",true
k4plus_scales,k4plus_scales,metric,metric,VARCHAR,"$.""metric""",true
k4plus_scales,k4plus_scales,q25,q25,DOUBLE,"$.""q25""",true
k4plus_scales,k4plus_scales,q75,q75,DOUBLE,"$.""q75""",true
k4plus_scales,k4plus_scales,iqr,iqr,DOUBLE,"$.""iqr""",true
scanners,scanners,scanner_id,scanner_id,VARCHAR,"$.""scanner_id""",true
scanners,scanners,manufacturer,Manufacturer,VARCHAR,"$.""Manufacturer""",true
scanners,scanners,manufacturers_model_name,ManufacturersModelName,VARCHAR,"$.""ManufacturersModelName""",true
scanners,scanners,magnetic_field_strength,MagneticFieldStrength,VARCHAR,"$.""MagneticFieldStrength""",true
scanners,scanners,device_serial_number,DeviceSerialNumber,VARCHAR,"$.""DeviceSerialNumber""",true
scanners,scanners,software_versions,SoftwareVersions,VARCHAR,"$.""SoftwareVersions""",true
scanners,scanners,n_records,n_records,BIGINT,"$.""n_records""",true
scanners,scanners,first_seen,first_seen,TIMESTAMP,"$.""first_seen""",true
scanners,scanners,last_seen,last_seen,TIMESTAMP,"$.""last_seen""",true
ratings,ratings,id,_id,VARCHAR,"$.""_id""",true
ratings,ratings,rating,rating,VARCHAR,"$.""rating""",true
ratings,ratings,md5sum,md5sum,VARCHAR,"$.""md5sum""",true
ratings,ratings,etag,_etag,VARCHAR,"$.""_etag""",true
ratings,ratings,updated_at,_updated,TIMESTAMP,"$.""_updated""",true
ratings,ratings,comment,comment,VARCHAR,"$.""comment""",true
ratings,ratings,created_at,_created,TIMESTAMP,"$.""_created""",true
ratings,ratings,name,name,VARCHAR,"$.""name""",true
