bids_name,fd_mean,tsnr,dvars_std,snr
sub-6a7490e250d660eed9ef6ba7_task-rest_bold,0.14371446911219124,34.538787841796875,1.0664774348275854,2.0510020607090724
sub-6a7490a650d660eed9ef6ba6_task-rest_bold,0.13204776143817293,32.145782470703125,1.0386069271134015,2.0520209492597674
sub-6a74906a50d660eed9ef6ba5_task-rest_bold,0.13397834429714103,32.46311569213867,1.050563610980392,2.0545275459984813
sub-6a74901a5bbfe5bf94368e3f_task-rest_bold,0.14604375828210828,34.32909393310547,1.0629542122616402,2.059971792762015
sub-6a74796d50d660eed9ef6ba2_task-rest_bold,0.1353617288993444,36.584373474121094,1.0735979618064522,1.9924101837921127
sub-6a7479615bbfe5bf94368e3b_task-rest_bold,0.13009341686237316,35.863521575927734,1.062936315205183,2.0213970477052254
sub-6a74789f50d660eed9ef6ba1_task-rest_bold,0.1359479644040393,36.02010726928711,1.0718802957441864,2.0009540961806644
sub-6a74788b50d660eed9ef6ba0_task-rest_bold,0.13059992189305192,30.21010971069336,1.0069612085185178,1.988972627949782
sub-6a74626950d660eed9ef6b9f_task-rest_bold,0.15622639137392613,33.729984283447266,1.0919886661407254,1.995407274516285
sub-6a74622d5bbfe5bf94368e35_task-rest_bold,0.1322500677284669,35.80335998535156,1.047127883630435,1.9917633936894157
sub-6a74619550d660eed9ef6b9e_task-rest_bold,0.15588057199149788,28.696102142333984,1.0016600162206581,1.991616524613437
sub-6a74615d50d660eed9ef6b9d_task-rest_bold,0.15246516079776112,35.1812858581543,1.0546311959058818,1.9978209511199265
sub-6a744b705bbfe5bf94368e31_task-rest_bold,0.15293330321754578,32.159568786621094,1.0846823379754598,1.9783362594159715
sub-6a744b2c50d660eed9ef6b9b_task-rest_bold,0.1554703035423833,34.178890228271484,1.054034992030567,1.989168526796892
sub-6a744b1a50d660eed9ef6b9a_task-rest_bold,0.15135517922177086,34.16756820678711,1.0556452715283844,1.9995378646029855
sub-6a744b145bbfe5bf94368e30_task-rest_bold,0.18197100197809232,30.843557357788086,1.0531134730989016,1.9857319506516073
sub-6a74345a964f9ccf4d19dda1_task-rest_bold,0.15486052303342926,34.05436706542969,1.0876236836032385,1.9966059696051175
sub-6a743384964f9ccf4d19dda0_task-rest_bold,0.16893847344908355,28.853147506713867,1.0126173235076252,1.993157112486066
sub-6a742261964f9ccf4d19dd9c_task-rest_bold,0.15479478864922663,32.63520050048828,1.0549292325697215,2.089951258655985
sub-6a7421b73d75ac078cb1927c_task-rest_bold,0.14420567904308546,30.056760787963867,1.0071447425107296,2.0846427350260335
sub-6a7410a3964f9ccf4d19dd99_task-rest_bold,0.15543955845985893,35.231475830078125,1.0722592550207468,1.981801961911715
sub-6a74106b3d75ac078cb19279_task-rest_bold,0.1408207168946328,35.345916748046875,1.0861139502350432,1.9759344233828529
sub-6a741019964f9ccf4d19dd98_task-rest_bold,0.14209337174283676,29.160335540771484,1.0049733856249996,1.9791909773831335
sub-6a740fa53d75ac078cb19278_task-rest_bold,0.14341091749608642,36.18321990966797,1.0708258996543778,1.9790739242216733
sub-6a73f96c3d75ac078cb19274_task-rest_bold,0.1553939441806531,31.803266525268555,1.050795223302238,2.1184367402794724
sub-6a73f8c0964f9ccf4d19dd95_task-rest_bold,0.1394225869482253,33.74277877807617,1.053644901669981,2.1321265036171835
sub-6a73f8a83d75ac078cb19273_task-rest_bold,0.1473224425244756,30.216890335083008,1.0291123476953912,2.1355170642590724
sub-6a73f85c3d75ac078cb19272_task-rest_bold,0.15455469265901953,31.447561264038086,1.081149485711207,2.116458764330189
sub-6a73e0fd964f9ccf4d19dd8e_task-rest_bold,0.15752296277177835,32.04205322265625,1.0897929846072192,2.1106682364932197
sub-6a73e0c93d75ac078cb1926b_task-rest_bold,0.13010187359955955,35.76359176635742,1.0895766231027257,2.120716615754822
sub-6a73e04d3d75ac078cb1926a_task-rest_bold,0.15418248112441513,32.70970916748047,1.0887025031192654,2.1138305421618035
sub-6a73e027964f9ccf4d19dd8d_task-rest_bold,0.13328629705643474,35.13042068481445,1.0615169988487596,2.124811283352698
sub-6a73c9df964f9ccf4d19dd8a_task-rest_bold,0.1687752718373022,31.227344512939453,1.0495244510537185,2.0273584705674774
sub-6a73c97b3d75ac078cb19266_task-rest_bold,0.1623402013235474,31.39982795715332,1.0715242846835435,2.049498039798657
sub-6a73c933964f9ccf4d19dd89_task-rest_bold,0.14814199139378056,33.07460403442383,1.0506740110666672,2.0229977179572836
sub-6a73c8e93d75ac078cb19265_task-rest_bold,0.1561616605330221,33.28400421142578,1.056045214049774,2.0386224831861375
sub-6a73b23d7d97e9e5e8383329_task-rest_bold,0.15146059974130935,33.418338775634766,1.0318639092356692,2.042389381997043
sub-6a73b21f7d97e9e5e8383328_task-rest_bold,0.15052397932098333,32.89786148071289,1.0656272033615222,2.0426240104345585
sub-6a73b1c37d97e9e5e8383327_task-rest_bold,0.15207621326837253,34.4296989440918,1.0589128155251148,2.0523658543320087
sub-6a73b1b17d97e9e5e8383326_task-rest_bold,0.15831704748457281,27.083433151245117,0.9814018272540054,2.024014426516087
sub-6a739b087d97e9e5e8383323_task-rest_bold,0.13317937757029202,31.9387149810791,1.0115645748893356,2.0391431112517084
sub-6a739ad67d97e9e5e8383322_task-rest_bold,0.12725671907075475,36.26397705078125,1.0748130198765429,2.0413920058031128
sub-6a739a62a61927f70a4aa549_task-rest_bold,0.13536840360460284,29.24483871459961,0.9894020064642077,2.027709683958336
sub-6a739a347d97e9e5e8383321_task-rest_bold,0.1323601228359417,34.24300765991211,1.0541908692017752,2.0397986612474894
sub-6a73837ba61927f70a4aa546_task-rest_bold,0.15316977610911758,33.98487091064453,1.0516149510266952,2.094715717696007
sub-6a7382f87d97e9e5e838331e_task-rest_bold,0.16393981724759213,33.65494155883789,1.0587167109050775,2.0863757093107145
sub-6a7382e47d97e9e5e838331d_task-rest_bold,0.16557985840825626,33.42643356323242,1.064581654507658,2.089822663523657
sub-6a7382bea61927f70a4aa544_task-rest_bold,0.1454811961114786,34.86784744262695,1.0535018815754924,2.0974828114488084
sub-6a736c567d97e9e5e8383314_task-rest_bold,0.16958340375927378,33.046905517578125,1.0411170785093162,2.0328488849547477
sub-6a736beaa61927f70a4aa539_task-rest_bold,0.1704895879161188,33.845947265625,1.078603437878152,2.023038265795404
sub-6a736b21a61927f70a4aa538_task-rest_bold,0.17177571018672552,30.424007415771484,1.0512575439592755,2.0276023035259323
sub-6a736b1a7d97e9e5e8383313_task-rest_bold,0.1587790367310734,35.815513610839844,1.0793670580760621,2.0405530663241906
sub-6a7354fba61927f70a4aa535_task-rest_bold,0.14334869535934902,34.37960433959961,1.0734174129268297,2.0456086543854752
sub-6a73549fa61927f70a4aa534_task-rest_bold,0.1625836772030485,29.023550033569336,0.9974176718036073,2.054990534163027
sub-6a73544b7d97e9e5e8383310_task-rest_bold,0.17333972951392676,29.906085968017578,1.0605511972336066,2.0502558019487402
sub-6a7353bd7d97e9e5e838330f_task-rest_bold,0.1566546843548982,33.2537956237793,1.078697867794118,2.0388582872193997
sub-6a735351a61927f70a4aa533_task-rest_bold,0.1508568958536648,32.343482971191406,1.072679177477876,2.0494504085816265
sub-6a7353457d97e9e5e838330e_task-rest_bold,0.14772805112655876,33.944759368896484,1.07140893588764,2.0462860292977547
sub-6a7336d4a61927f70a4aa52a_task-rest_bold,0.1493216712061045,34.713409423828125,1.0607903399226308,2.0556684662092373
sub-6a73360ea61927f70a4aa529_task-rest_bold,0.15568193051716117,32.03105163574219,1.0739234758471077,2.0409063998156505
sub-6a73360e7d97e9e5e8383304_task-rest_bold,0.14434589076117446,36.32607650756836,1.0522206031055892,2.0608491476694932
sub-6a7335d17d97e9e5e8383303_task-rest_bold,0.13621348845109807,34.05843734741211,1.0304646141052627,2.0638951989286025
sub-6a733581a61927f70a4aa528_task-rest_bold,0.14447390697984164,31.147912979125977,1.0422851907982256,2.0577350433171238
sub-6a733535a61927f70a4aa527_task-rest_bold,0.1383624535528919,34.55089569091797,1.0392943052714927,2.0676719169664475
sub-6a7318e67d97e9e5e83832fe_task-rest_bold,0.13345094318896453,31.430383682250977,1.0585149443629338,2.0765314691013086
sub-6a73185a7d97e9e5e83832fd_task-rest_bold,0.12128097938306318,32.61174774169922,1.0407673456198345,2.0732900432419883
sub-6a73078f9552294a8fdda8f9_task-rest_bold,0.1677788582103117,61.84682430746034,1.0017468808333334,4.128864911896303
sub-6a73078f7d97e9e5e83832fb_task-rest_bold,0.16949998229060811,32.089136749506,1.097598414090909,2.98928080476269
sub-6a73078f7d97e9e5e83832fa_task-rest_bold,0.1856092356432804,35.3075282368809,1.1721167739393945,2.9958143499759213
sub-6a73078b9552294a8fdda8f8_task-rest_bold,0.187111607321083,66.15052987542003,1.0770451484090908,4.165357428156001
sub-6a73078b9552294a8fdda8f7_task-rest_bold,0.1719267161624549,44.35916857793927,1.1731671315151522,3.5469013232755717
sub-6a73078b9552294a8fdda8f6_task-rest_bold,0.1927864355899713,74.09190863510594,1.0795451533333331,4.017221263120175
sub-6a73078b9552294a8fdda8f5_task-rest_bold,0.16890149972578644,65.4975306186825,1.0104813791666671,4.055731945067313
sub-6a73078b7d97e9e5e83832f9_task-rest_bold,0.1688057721520557,35.96374680614099,1.1413283028030297,3.0532169194856675
sub-6a73078b7d97e9e5e83832f8_task-rest_bold,0.18490067378655342,42.428536573424935,1.1790748692424238,3.121375135122359
sub-6a73078b7d97e9e5e83832f7_task-rest_bold,0.1676958748711613,67.91906355204992,1.0779146412121214,3.42097813405579
sub-6a7307879552294a8fdda8f4_task-rest_bold,0.16574112564934815,70.53045934194233,1.100588945833333,3.5226188945939474
sub-6a7307879552294a8fdda8f3_task-rest_bold,0.7640934628085579,44.300720681785606,1.104991334242424,3.9265758882054635
sub-6a7307879552294a8fdda8f2_task-rest_bold,2.567729863429277,23.703523998963647,1.0255753951515152,4.547416199461684
sub-6a7307879552294a8fdda8f1_task-rest_bold,0.4318334944723462,28.979449035599828,1.2583465531060603,2.8179050285246405
sub-6a7307877d97e9e5e83832f6_task-rest_bold,0.15310888797221245,45.863220834871754,1.1803420778030302,3.5405646750158293
sub-6a7307877d97e9e5e83832f5_task-rest_bold,0.7316546934507353,26.767244475195184,1.175685184772727,3.337505090433988
sub-6a7307877d97e9e5e83832f4_task-rest_bold,2.8650470763087887,14.435185456648469,1.0894774479545462,4.064511651453314
sub-6a7307839552294a8fdda8f0_task-rest_bold,0.8168284733238793,23.601368474657647,1.1191790266666668,2.7913660546744956
sub-6a7307839552294a8fdda8ef_task-rest_bold,0.8323049873612551,38.54131507105194,0.9167314234090913,4.356126373189825
sub-6a7307839552294a8fdda8ee_task-rest_bold,0.13633343240563384,41.05145842209458,1.2705951112121208,3.2119243125662154
sub-6a7307839552294a8fdda8ed_task-rest_bold,0.3881026852926972,27.187161676003598,1.1894767566666673,3.25008418121881
sub-6a7307837d97e9e5e83832f3_task-rest_bold,0.43888853258479227,52.869945894461125,1.0635178314393945,5.0243928763545815
sub-6a7307837d97e9e5e83832f2_task-rest_bold,0.1389168351141588,79.5857008715393,1.0840139228787877,4.600709733943327
sub-6a7307837d97e9e5e83832f1_task-rest_bold,0.38270311483537534,52.26872732117772,1.1084479056060603,4.6552272100503425
sub-6a73077f9552294a8fdda8ec_task-rest_bold,0.28537038532314063,64.38069607526995,1.1995979442424236,4.1627463790185875
sub-6a73077f9552294a8fdda8eb_task-rest_bold,0.2967575385277937,33.458770245546475,1.1710399527272723,2.993299170043755
sub-6a73077f9552294a8fdda8ea_task-rest_bold,0.25452882747720973,35.873584744054824,1.2772766274999996,2.8946606161192783
sub-6a73077f9552294a8fdda8e9_task-rest_bold,0.27995030347687055,66.02606322895736,1.040197033030303,4.479536948997693
sub-6a73077f7d97e9e5e83832f0_task-rest_bold,0.22284816373285754,37.16358220204711,1.2162555280916032,2.904865358411645
sub-6a73077f7d97e9e5e83832ef_task-rest_bold,0.4184174288712075,35.956978760426864,1.1753629648484851,3.025666118208882
sub-6a73077f7d97e9e5e83832ee_task-rest_bold,0.23629255991744977,68.04202850488946,1.130142765681818,4.129624164528348
sub-6a73077b9552294a8fdda8e8_task-rest_bold,0.2510361609984104,31.48631420917809,1.3011813924242426,3.155710104840546
sub-6a73077b9552294a8fdda8e7_task-rest_bold,0.26802652338712013,33.17353578284383,1.2481406288636367,3.0560613691688308
sub-6a73077b9552294a8fdda8e6_task-rest_bold,0.2631511429595177,62.514275622786954,1.0468569781060604,4.149686029888802
sub-6a73077b7d97e9e5e83832ed_task-rest_bold,0.3926280310067193,66.9242235571146,1.130722597878788,4.284010376148233
sub-6a73077b7d97e9e5e83832ec_task-rest_bold,0.1877531154339831,42.479221834335476,1.1867082301515153,3.3018189040799886
sub-6a73077b7d97e9e5e83832eb_task-rest_bold,0.24661385907544886,55.260674476157874,1.1256420924242423,4.237093949001636
sub-6a73077b7d97e9e5e83832ea_task-rest_bold,0.17908273495281704,69.57738365745172,1.091345121212121,3.614035226382699
sub-6a7307779552294a8fdda8e5_task-rest_bold,0.15870326923985364,71.10075011197478,1.0638891906818186,3.781319682719512
sub-6a7307779552294a8fdda8e4_task-rest_bold,0.2248906224084507,23.186084201093763,1.1241190115151516,2.591550372767632
sub-6a7307779552294a8fdda8e3_task-rest_bold,0.1864425903944934,49.904724583611824,1.1184152425757572,3.6488213492556216
sub-6a7307779552294a8fdda8e2_task-rest_bold,0.20414512053539907,37.37358989659697,1.2800192272727278,3.0205251187444118
sub-6a7307777d97e9e5e83832e9_task-rest_bold,0.16504452743500006,43.725908764172345,1.1476336098484854,3.361823071609782
sub-6a7307777d97e9e5e83832e8_task-rest_bold,0.1734549161454724,26.63880661362782,1.185692057348485,2.5751045696497523
sub-6a7307777d97e9e5e83832e7_task-rest_bold,0.24391900754422347,43.38564027659595,1.0782007472727277,3.6776726468239227
sub-6a7307739552294a8fdda8e1_task-rest_bold,0.12799072034726433,69.27629234828055,1.0075701203030305,4.368691524007095
sub-6a7307739552294a8fdda8e0_task-rest_bold,0.3485313762049359,16.34527313610306,1.1850047218181814,3.099882927702688
sub-6a7307739552294a8fdda8df_task-rest_bold,0.36364974425473295,63.061231973115355,1.08262848719697,3.969634356124068
sub-6a7307737d97e9e5e83832e6_task-rest_bold,0.1300192260244289,33.48168791667558,1.0946235703787883,2.615027077144346
sub-6a7307737d97e9e5e83832e5_task-rest_bold,0.19948903016508576,66.65250730700791,1.049548539848485,3.7402011490425005
sub-6a7307737d97e9e5e83832e4_task-rest_bold,0.32733492280026577,32.89453895203769,1.1425808698484843,4.586151023129268
sub-6a7307737d97e9e5e83832e3_task-rest_bold,0.38937584706843276,34.36307096702512,1.2631846314393937,3.0291637733223458
sub-6a7306ee7d97e9e5e83832e2_task-rest_bold,0.1732423149993819,31.065773010253906,1.1106698685395526,2.00204183133198
sub-6a7306769552294a8fdda8de_task-rest_bold,0.17750007425484515,32.69796371459961,1.0759903173473684,2.0037389971638015
sub-6a7306049552294a8fdda8dd_task-rest_bold,0.15119117124981293,32.28994369506836,1.0369894623076918,2.0073618124929267
sub-6a7305f87d97e9e5e83832e1_task-rest_bold,0.16981257404525857,29.225055694580078,1.0252438554176064,2.005057828145557
sub-6a72ef587d97e9e5e83832de_task-rest_bold,0.1716388828025865,33.32434844970703,1.082279453320236,2.077717398185702
sub-6a72eeca9552294a8fdda8d9_task-rest_bold,0.15097784099821582,31.94091796875,1.0398140183609956,2.0706907693716503
sub-6a72ee709552294a8fdda8d8_task-rest_bold,0.16029687179261476,30.984006881713867,1.0437641803382658,2.0602876157988943
sub-6a72ee167d97e9e5e83832dd_task-rest_bold,0.16060243088439627,27.855154037475586,1.0095519268151452,2.0626999563446593
sub-6a72d75e7d97e9e5e83832dc_task-rest_bold,0.17310089451781066,31.189620971679688,1.09751426832994,2.0278945687445122
sub-6a72d7109552294a8fdda8d2_task-rest_bold,0.17100805611738434,31.45059585571289,1.1131752971721314,2.02238024969789
sub-6a72d7027d97e9e5e83832db_task-rest_bold,0.16111928365700795,33.25266647338867,1.0580672086847598,2.0370634164920967
sub-6a72d65d9552294a8fdda8d1_task-rest_bold,0.16866788749976014,32.381446838378906,1.062896480330397,2.0326132580967333
sub-6a72d65d7d97e9e5e83832da_task-rest_bold,0.17606655423795303,29.599308013916016,1.0137238835667397,2.0389428569854022
sub-6a72d6477d97e9e5e83832d9_task-rest_bold,0.1788269835870047,31.65797233581543,1.0481117808144798,2.030292263811991
sub-6a72b9f145e9f7c52e94391a_task-rest_bold,0.1901715836508301,31.44119644165039,1.059124167284894,2.12428106167822
sub-6a72b9dd630002d6df516c74_task-rest_bold,0.1987221223624015,30.370887756347656,1.0637130801926786,2.1370568858529633
sub-6a72b953630002d6df516c73_task-rest_bold,0.28865751749176644,25.82331085205078,1.0315647282520326,2.1319575234234245
sub-6a72b92d45e9f7c52e943919_task-rest_bold,0.218303983422741,29.743892669677734,1.0525403944123708,2.125868013187646
sub-6a72b917630002d6df516c72_task-rest_bold,0.2107635034005011,30.700620651245117,1.063680985864198,2.1287783597530474
sub-6a72b87545e9f7c52e943918_task-rest_bold,0.2204812157550453,29.506624221801758,1.052803285536105,2.122840475090833
sub-6a729c6045e9f7c52e943912_task-rest_bold,0.19263166489876668,30.757001876831055,1.0823360273207545,2.1240751426470457
sub-6a729b5c630002d6df516c6c_task-rest_bold,0.19359696038449348,31.43937873840332,1.0958466883603244,2.113932199303506
sub-6a729b3845e9f7c52e943911_task-rest_bold,0.1954297999435197,30.192054748535156,1.0700960897245757,2.113408221703958
sub-6a729aef630002d6df516c6b_task-rest_bold,0.19591532250639052,30.2784481048584,1.0789947244067795,2.130887546414397
sub-6a729a9545e9f7c52e943910_task-rest_bold,0.18099505708191385,32.08146667480469,1.0763278299548527,2.1242977923180986
sub-6a729a4145e9f7c52e94390f_task-rest_bold,0.17946431317267855,27.48121452331543,1.0367987996803658,2.1119597200483438
sub-6a727d88630002d6df516c69_task-rest_bold,0.15760345483747146,30.584131240844727,1.0597072747514917,2.117123816205595
sub-6a727d8045e9f7c52e94390a_task-rest_bold,0.17353668890133686,30.20467758178711,1.0505758571570576,2.1123126030472426
sub-6a727d4c630002d6df516c68_task-rest_bold,0.18571717917121425,29.690885543823242,1.0894500788690484,2.107640770689462
sub-6a727d3245e9f7c52e943909_task-rest_bold,0.18511092820710454,29.42336654663086,1.090347002694611,2.1122235488719165
sub-6a727c6a45e9f7c52e943908_task-rest_bold,0.17457608201398367,29.579612731933594,1.0587232693216624,2.128098850947309
sub-6a727c63630002d6df516c67_task-rest_bold,0.18949549476749394,29.766279220581055,1.088716520305677,2.120355506587699
sub-6a727c6345e9f7c52e943907_task-rest_bold,0.1823277110258739,31.414688110351562,1.058771250495495,2.0965152169716075
sub-6a727c47630002d6df516c66_task-rest_bold,0.18805426276492343,31.633182525634766,1.065704808161436,2.1198483497096303
sub-6a727c33630002d6df516c65_task-rest_bold,0.17895833142785775,30.133502960205078,1.1437716389686106,2.120364460341767
sub-6a727c3245e9f7c52e943906_task-rest_bold,0.19332671257489203,31.52811622619629,1.0627844993736018,2.110468116082666
sub-6a727c1545e9f7c52e943905_task-rest_bold,0.20596934102750616,29.92384147644043,1.08528068016092,2.1100142481728783
sub-6a727c14630002d6df516c64_task-rest_bold,0.20699845533516822,28.04703140258789,1.0888403863990825,2.116986630210587
sub-6a724e993cd179df3508ca84_task-rest_bold,0.18573488189355197,30.881031036376953,1.0799680208453613,2.134357972231149
sub-6a724e938feff6763904abb6_task-rest_bold,0.2347072035505494,24.36783218383789,1.0067855186373167,2.133553504339216
sub-6a724e873cd179df3508ca83_task-rest_bold,0.22331363490451883,26.24228858947754,1.0532783352731092,2.139293015670609
sub-6a724e828feff6763904abb5_task-rest_bold,0.18580085047394684,28.63395881652832,1.0342914036701027,2.1258353287079172
sub-6a724dda8feff6763904abb4_task-rest_bold,0.1959747786821437,27.816802978515625,1.059385187299107,2.14260641612972
sub-6a724dd23cd179df3508ca82_task-rest_bold,0.2036056111951554,27.479080200195312,1.0431582899330363,2.1451913295290503
sub-6a72485d8feff6763904abb2_task-rest_bold,0.24206849541712488,25.286061896011233,1.1416260048300526,3.8239280233498434
sub-6a72315e3cd179df3508ca7d_task-rest_bold,0.1702931631955976,32.90357208251953,1.0622792020898868,2.043915719102293
sub-6a7231548feff6763904abad_task-rest_bold,0.18197880140615702,32.736934661865234,1.0721002328539329,2.0395460103537992
sub-6a7231503cd179df3508ca7c_task-rest_bold,0.16639043828891092,33.07719039916992,1.0608651808744396,2.042144499582183
sub-6a72314c8feff6763904abac_task-rest_bold,0.18551993242388784,29.134628295898438,1.115637427217195,2.045691428657502
sub-6a7231423cd179df3508ca7b_task-rest_bold,0.17055354767900718,31.872468948364258,1.06201465321267,2.0389033525808418
sub-6a7231203cd179df3508ca7a_task-rest_bold,0.19472984779002778,29.899816513061523,1.0504193434615388,2.044856424830003
sub-6a7215153cd179df3508ca79_task-rest_bold,0.15232341539921126,30.317792892456055,1.0010955959667374,2.096328107085772
sub-6a7214f78feff6763904abaa_task-rest_bold,0.16740084936035482,30.289812088012695,1.034454551375,2.088984501413299
sub-6a7214d33cd179df3508ca78_task-rest_bold,0.17346621021553676,28.422502517700195,1.06815260111828,2.093232249821512
sub-6a7214c98feff6763904aba9_task-rest_bold,0.18439980204243417,27.85987091064453,1.0583515013146545,2.0796565575509693
sub-6a7214838feff6763904aba8_task-rest_bold,0.18858011258555799,28.910255432128906,1.0330010943624164,2.0924419198029227
sub-6a72147b3cd179df3508ca77_task-rest_bold,0.1744439690044081,32.155609130859375,1.0690145698437503,2.0748014733142686
sub-6a71f82b8feff6763904aba6_task-rest_bold,0.16841326485142913,30.053407669067383,1.0153990380799993,2.0617826809289648
sub-6a71f82b3cd179df3508ca75_task-rest_bold,0.16170701813496358,27.541641235351562,0.9998833647878792,2.0501230241608646
sub-6a71f82a8feff6763904aba5_task-rest_bold,0.17100373551780854,31.473827362060547,1.0467125355172415,2.068515060855538
sub-6a71f81f3cd179df3508ca74_task-rest_bold,0.16755233552299972,28.49351692199707,1.0594172204391217,2.0641034064356605
sub-6a71f6e33cd179df3508ca73_task-rest_bold,0.17489479032464486,28.490005493164062,1.0394682306363625,2.0553646152841645
sub-6a71f6df8feff6763904aba4_task-rest_bold,0.17588840766385946,28.08352279663086,1.0148018818451026,2.0624983441429383
sub-6a71db123cd179df3508ca71_task-rest_bold,0.17340454308440262,28.520835876464844,1.0073678394243069,2.0848405571342044
sub-6a71db048feff6763904aba3_task-rest_bold,0.16021523548429306,34.94456100463867,1.0681432007264955,2.0804376658593506
sub-6a71daee8feff6763904aba2_task-rest_bold,0.15866401507296357,34.14373016357422,1.0684646669480518,2.077967930002509
sub-6a71dacc3cd179df3508ca70_task-rest_bold,0.15901879843928451,33.05868911743164,1.0758202630952378,2.0697086464323844
sub-6a71c4148feff6763904ab9f_task-rest_bold,0.17778441146567364,30.157100677490234,1.0142519494537814,2.058241890466705
sub-6a71c3f83cd179df3508ca6c_task-rest_bold,0.16520209873419087,37.20237731933594,1.0699062911344532,2.0536528422532183
sub-6a71c39a3cd179df3508ca6b_task-rest_bold,0.14623606129779188,34.035282135009766,1.0590323868292688,2.0591707019305363
sub-6a71c3748feff6763904ab9c_task-rest_bold,0.16010269976318842,33.88312911987305,1.073914298716813,2.058324035248697
sub-6a71c36a8feff6763904ab9b_task-rest_bold,0.1610801381375714,33.5910758972168,1.0697638844594592,2.0624982601281476
sub-6a71c36a3cd179df3508ca6a_task-rest_bold,0.15908234103645694,33.97917175292969,1.0779704002027026,2.0537321866440945
sub-6a71a6e23cd179df3508ca61_task-rest_bold,0.1549439199360477,31.5389461517334,1.0265384903563937,2.037939972292711
sub-6a71a6ca8feff6763904ab96_task-rest_bold,0.15664635935290575,34.561607360839844,1.0730233609207716,2.0549733893552746
sub-6a71a6be3cd179df3508ca60_task-rest_bold,0.15849120137693537,32.60002517700195,1.0318373712997904,2.042481454628047
sub-6a71a6973cd179df3508ca5f_task-rest_bold,0.16322916115968103,33.582069396972656,1.0555345431115886,2.056052724449233
sub-6a71a6433cd179df3508ca5e_task-rest_bold,0.1736562677761301,28.84380531311035,0.9853035963938058,2.0318428079045705
sub-6a71a63d8feff6763904ab95_task-rest_bold,0.15269167489507282,34.869449615478516,1.0629442548451322,2.0426882754347737
sub-6a7189fa8feff6763904ab94_task-rest_bold,0.17936282102907183,30.33304214477539,1.063606831388889,2.0807997726762726
sub-6a7189dc8feff6763904ab93_task-rest_bold,0.16040672999381786,33.15172576904297,1.065058177167756,2.0918283209096735
sub-6a7189d63cd179df3508ca5d_task-rest_bold,0.14812822757822766,33.97890853881836,1.058599349914531,2.0918497882542155
sub-6a7189d48feff6763904ab92_task-rest_bold,0.18696729611181825,29.249759674072266,1.0392787359388647,2.056896620312192
sub-6a7189993cd179df3508ca5c_task-rest_bold,0.16142171209455428,34.41004180908203,1.0672032956862747,2.0698104977958627
sub-6a71898f8feff6763904ab91_task-rest_bold,0.1659725693297514,33.02392578125,1.0621942995842448,2.070791098232018
sub-6a716d3e3cd179df3508ca5b_task-rest_bold,0.20144769415582625,31.823654174804688,1.0711629993361886,2.183883903541016
sub-6a716d2e3cd179df3508ca5a_task-rest_bold,0.17375225100684283,31.405303955078125,1.0489527334689517,2.180248051107719
sub-6a716d2c8feff6763904ab90_task-rest_bold,0.2324602078809398,26.455711364746094,1.0238169476068377,2.1767802432557715
sub-6a716d123cd179df3508ca59_task-rest_bold,0.15553410435186993,33.542022705078125,1.056194435497835,2.1947564724086424
sub-6a716d048feff6763904ab8f_task-rest_bold,0.16808853288753245,33.45691680908203,1.065574469696312,2.198914912953508
sub-6a716cf43cd179df3508ca58_task-rest_bold,0.18039371303044496,30.75760269165039,1.0740426390967746,2.182056653234773
sub-6a7150743cd179df3508ca57_task-rest_bold,0.16675256942404065,32.78398895263672,1.0415612459227463,2.137505458673131
sub-6a7150708feff6763904ab8e_task-rest_bold,0.15508378546649437,34.11712646484375,1.0468987415665223,2.130449412692354
sub-6a7150703cd179df3508ca56_task-rest_bold,0.1533825618589552,33.85880661010742,1.040140017184035,2.1430384353921
sub-6a71506f8feff6763904ab8d_task-rest_bold,0.15782663385413334,35.029815673828125,1.05802190518847,2.1446653980249475
sub-6a7150663cd179df3508ca55_task-rest_bold,0.15998406048855393,32.53873825073242,1.0349758891903706,2.1281785624588587
sub-6a71503e3cd179df3508ca54_task-rest_bold,0.1658984895851001,31.18906021118164,1.030959935986843,2.116099432951742
sub-6a7133353cd179df3508ca51_task-rest_bold,0.2079884575815302,30.160743713378906,1.0662259968250547,2.0224986409625143
sub-6a71331f8feff6763904ab8a_task-rest_bold,0.16480026270288106,32.371551513671875,1.0639082212711866,2.041849918895427
sub-6a71330b8feff6763904ab89_task-rest_bold,0.1747700908583374,33.165748596191406,1.074030534225052,2.040660408199698
sub-6a7133033cd179df3508ca50_task-rest_bold,0.18150393854990546,32.97343063354492,1.0818646369264076,2.044054667307968
sub-6a7132d13cd179df3508ca4f_task-rest_bold,0.15898040201518396,32.86064910888672,1.0619992884429832,2.050114838384634
sub-6a7132c78feff6763904ab88_task-rest_bold,0.17079788242926966,33.4804573059082,1.0607964334285716,2.0607597369653017
sub-6a7116483cd179df3508ca36_task-rest_bold,0.15294343190456525,31.66632080078125,1.0532493363157893,2.125253190001083
sub-6a7116173cd179df3508ca35_task-rest_bold,0.18686453707058542,28.727556228637695,1.0750695268131873,2.122624101846893
sub-6a7105573cd179df3508ca34_task-rest_bold,0.16244066982308392,32.33006286621094,1.0292397254065022,2.1539156198090916
sub-6a71054e3cd179df3508ca33_task-rest_bold,0.14358153953827626,33.547447204589844,1.0499492290447159,2.1646242792448573
sub-6a7104808feff6763904ab6d_task-rest_bold,0.1512932481665372,34.06443405151367,1.0556440962144424,2.150851494194034
sub-6a7104583cd179df3508ca32_task-rest_bold,0.16217970989278066,28.663490295410156,1.000626603246188,2.1444648958154118
sub-6a7104528feff6763904ab6c_task-rest_bold,0.15803141802471932,32.6298713684082,1.0416232205345208,2.1548239615218905
sub-6a71043c8feff6763904ab6b_task-rest_bold,0.15576737224717052,34.85003662109375,1.0824171658797326,2.153227806378523
sub-6a70f2208feff6763904ab6a_task-rest_bold,0.24224436237249405,25.244319860190274,1.1441383058510628,3.8186756786184515
sub-6a70e8128feff6763904ab69_task-rest_bold,0.14414628795191062,30.166637420654297,1.0586241650727652,2.091855479415762
sub-6a70e7e61b4c5be824a07ac7_task-rest_bold,0.1582954461202161,29.759061813354492,1.0542072475833328,2.109978717061146
sub-6a70e7ce8feff6763904ab68_task-rest_bold,0.17488953060323814,30.387876510620117,1.1086932375479743,2.0911013379315118
sub-6a70e7aa8feff6763904ab67_task-rest_bold,0.1433117130041687,32.21287536621094,1.047435898782052,2.1062608519912054
sub-6a70e7a21b4c5be824a07ac6_task-rest_bold,0.13807189153613753,33.0213623046875,1.0346153551612902,2.1176125572600273
sub-6a70e79e8feff6763904ab66_task-rest_bold,0.14306708617235653,34.96880340576172,1.051761001634409,2.113597653868954
sub-6a70cae38feff6763904ab65_task-rest_bold,0.14605525129202268,31.60576057434082,1.0289083088372093,2.0610259645577376
sub-6a70cae31b4c5be824a07ac5_task-rest_bold,0.14438385801834203,34.83143615722656,1.0835303189366066,2.0683179254928805
sub-6a70cadb1b4c5be824a07ac4_task-rest_bold,0.14939877006643104,28.252119064331055,0.9959639033946842,2.0707268963786194
sub-6a70ca9f1b4c5be824a07ac3_task-rest_bold,0.13441165150193632,34.858543395996094,1.0697526355696199,2.0677115960145964
sub-6a70ca918feff6763904ab64_task-rest_bold,0.12250901376332825,32.90198516845703,1.03779937326964,2.0806848546550856
sub-6a70ca891b4c5be824a07ac2_task-rest_bold,0.14549770413677598,30.623788833618164,1.0224881191044775,2.0664877063965097
sub-6a70ca551b4c5be824a07ac1_task-rest_bold,0.13886080103753218,28.751628875732422,1.012751974225664,2.0637442517264826
sub-6a70ca178feff6763904ab63_task-rest_bold,0.135398137181146,36.12798309326172,1.0672896069401332,2.0773420208483753
sub-6a70a7c98feff6763904ab5f_task-rest_bold,0.12841686220105616,29.978172302246094,0.9979083349805442,2.5710930881480496
sub-6a70a7851b4c5be824a07abd_task-rest_bold,0.16747536921415,27.228382110595703,1.0559121556576199,2.5184725397728163
sub-6a70a73f1b4c5be824a07abc_task-rest_bold,0.16284545955975116,30.11437225341797,1.0301715783160086,2.5517818183782364
sub-6a70a73d8feff6763904ab5e_task-rest_bold,0.16340176095573974,26.57198715209961,1.0021571285921325,2.5735972247764227
sub-6a708fb81b4c5be824a07abb_task-rest_bold,0.18559603357382135,25.76909828186035,1.0185572670833336,2.4626698981091604
sub-6a708f068feff6763904ab5d_task-rest_bold,0.12481433840589438,29.608272552490234,1.014782964946695,2.487412655820999
sub-6a708ef81b4c5be824a07aba_task-rest_bold,0.1381710953098375,30.319360733032227,1.0653138826565876,2.4774448755950353
sub-6a708e501b4c5be824a07ab9_task-rest_bold,0.10655790245944127,37.66557312011719,1.0627146215690877,2.4775902648941748
sub-6a7078218feff6763904ab5c_task-rest_bold,0.1881979346414212,24.219587326049805,1.0112206904517456,2.4885053282756395
sub-6a70776f1b4c5be824a07ab8_task-rest_bold,0.12976024125029836,28.262863159179688,1.0163978434657828,2.498827593380153
sub-6a7066698feff6763904ab5b_task-rest_bold,0.13679885643793532,27.65062713623047,1.0910278420392165,2.5022811516281185
sub-6a7065a71b4c5be824a07ab7_task-rest_bold,0.14036216473551535,26.921768188476562,1.05576781761702,2.5138299863411064
sub-6a7064e78feff6763904ab5a_task-rest_bold,0.09680037731547352,35.66584014892578,1.0570181968433177,2.5086340104442133
sub-6a70518b8feff6763904ab59_task-rest_bold,0.12666443330835622,29.601146697998047,1.0317770589270392,2.397537657803787
sub-6a7051831b4c5be824a07ab6_task-rest_bold,0.10463681826260013,36.14640808105469,1.053304663978947,2.3892424210045693
sub-6a7040198feff6763904ab58_task-rest_bold,0.12884215024631016,30.37353515625,1.012051589236111,2.4390475888122283
sub-6a70326d8feff6763904ab57_task-rest_bold,0.11353869972955936,35.65376281738281,1.0713437060232553,2.5123528307713636
sub-6a7031bd1b4c5be824a07ab5_task-rest_bold,0.1108513670413517,34.1955451965332,1.036119882975,2.5208516344285865
sub-6a7022178feff6763904ab56_task-rest_bold,0.1266926378916163,30.57320213317871,1.0319591523873122,2.4965201088166165
sub-6a701e098feff6763904ab55_task-rest_bold,0.11402192348812099,35.601139068603516,1.0918895098992436,2.4903171613165274
sub-6a700e5a8feff6763904ab54_task-rest_bold,0.16149547718547555,24.863649368286133,1.0246658220000002,2.436422933399446
sub-6a700cf01b4c5be824a07ab4_task-rest_bold,0.10870518437117209,33.42600631713867,1.0732709935943776,2.458552272478153
sub-6a6ffb468feff6763904ab53_task-rest_bold,0.11414077980783674,29.996917724609375,1.0282032258813247,2.4478275719848535
sub-6a6ff9171b4c5be824a07ab0_task-rest_bold,0.10602056222358396,34.09663391113281,1.0496020747629318,2.432832598213463
sub-6a6fe79b1b4c5be824a07aaf_task-rest_bold,0.11290699054979147,31.59894371032715,1.0822421806319702,2.4620393024295026
sub-6a6fe64b8feff6763904ab51_task-rest_bold,0.13864586923830313,25.941110610961914,1.0187927830641825,2.4096084959885724
sub-6a6fd4e58feff6763904ab50_task-rest_bold,0.14867847218290647,27.378765106201172,1.0272319281048392,2.5293408410443985
sub-6a6fd4c71b4c5be824a07aae_task-rest_bold,0.1891943638780359,25.059425354003906,1.0191763761710804,2.53524138540378
sub-6a6fd4218feff6763904ab4f_task-rest_bold,0.11024655418353117,35.9761962890625,1.0963355144060483,2.533457534939764
sub-6a6fd4131b4c5be824a07aad_task-rest_bold,0.12025381670890248,32.093284606933594,1.0183833527571122,2.514575021344409
sub-6a6fd40d8feff6763904ab4e_task-rest_bold,0.1022717197797674,34.393211364746094,1.0526119099777775,2.563056767655705
sub-6a6fba381b4c5be824a07aac_task-rest_bold,0.121259855073941,29.327381134033203,1.057906839917013,2.516976107708057
sub-6a6fb9868feff6763904ab4d_task-rest_bold,0.10401016603337201,30.12752914428711,1.0600892569265028,2.494507544809491
sub-6a6fa8f51b4c5be824a07aab_task-rest_bold,0.12379802747429902,29.3658447265625,1.0454810894881885,2.50236383572654
sub-6a6f99718feff6763904ab4c_task-rest_bold,0.11151678843208522,30.61678695678711,1.058523458921776,2.523870503779467
sub-6a6f8b2e8feff6763904ab4b_task-rest_bold,0.17259412342460026,25.53504180908203,1.076301497960395,2.4453214409458925
sub-6a6f8a831b4c5be824a07aaa_task-rest_bold,0.1240828245701054,29.980640411376953,1.0851449240466102,2.441100360146923
sub-6a6f790e39004fb7c098c61f_task-rest_bold,0.13758868950367556,29.868831634521484,1.0816266806640629,2.457963822247114
sub-6a6f788439004fb7c098c61e_task-rest_bold,0.10825171551059026,31.293102264404297,1.0729714821802934,2.4566113325350862
sub-6a6f66e21b4c5be824a07aa9_task-rest_bold,0.12511532005526885,30.837614059448242,1.0495419473921979,2.429617167356142
sub-6a6f582939004fb7c098c61d_task-rest_bold,0.1169568168788855,29.340534210205078,1.0189904946578363,2.4865548899011647
sub-6a6f49f939004fb7c098c61c_task-rest_bold,0.10662084730570896,31.9987735748291,1.0495388927027027,2.5202841698394165
sub-6a6f3b5524c63203a881f12c_task-rest_bold,0.13708920105180955,28.68701934814453,1.0574220396452327,2.484484158832797
sub-6a6f3b4d39004fb7c098c61b_task-rest_bold,0.12363865643698342,33.387657165527344,1.0690012666591926,2.4933807725969452
sub-6a6f2aa339004fb7c098c61a_task-rest_bold,0.13780845695185717,26.651063919067383,1.0240188418990384,2.510315689217959
sub-6a6f1d5939004fb7c098c619_task-rest_bold,0.1197635910106488,29.072811126708984,1.0282473464571427,2.4751181125774475
sub-6a6f0dce39004fb7c098c618_task-rest_bold,0.10547991764636803,29.35139274597168,1.0301177663265306,2.5467151432162307
sub-6a6eff0a24c63203a881f12b_task-rest_bold,0.13336830941180097,32.835411071777344,1.0810350684317709,2.5414699365541322
sub-6a6efe5e39004fb7c098c617_task-rest_bold,0.11809275684616581,29.349451065063477,1.0253025965141618,2.532331348968814
sub-6a6eed5d24c63203a881f12a_task-rest_bold,0.11717333787949752,28.91472625732422,1.0159020526639344,2.433130308011227
sub-6a6eecdd39004fb7c098c616_task-rest_bold,0.11289854502324123,32.855751037597656,1.0814187729999998,2.451277159976807
sub-6a6eecb539004fb7c098c615_task-rest_bold,0.1301095037045931,28.4908447265625,1.0528918806521737,2.4483217388959955
sub-6a6ed91d39004fb7c098c614_task-rest_bold,0.14526671991658177,27.88588523864746,1.0626038121428578,2.4831138921592943
sub-6a6ed85839004fb7c098c613_task-rest_bold,0.1152307407547117,29.3006591796875,1.0298408007216495,2.509243215743577
sub-6a6ed7b624c63203a881f129_task-rest_bold,0.1368859641917034,27.888675689697266,1.0627749168640344,2.4972998476672172
sub-6a6ec3f083a3939a2402dd9b_task-rest_bold,0.18309743879012352,25.370485305786133,1.0306352828455276,2.4789160636689767
